Id,LotArea,OverallQual,OverallCond,YearBuilt,TotalBsmtSF,GrLivArea,BedroomAbvGr,FullBath,HalfBath,GarageCars,GarageArea,TotRmsAbvGrd,Fireplaces,Neighborhood,HouseStyle,RoofStyle,Exterior1st,KitchenQual,HeatingQC,CentralAir,SaleCondition,SalePrice,Lot Frontage,Lot Area,Overall Qual,Year Built,Year Remod/Add,Mas Vnr Area,BsmtFin SF 1,Total Bsmt SF,1st Flr SF,2nd Flr SF,Gr Liv Area,Bsmt Full Bath,Full Bath,Half Bath,TotRms AbvGrd,Garage Yr Blt,Garage Cars,Garage Area
1,6648,3,7,1981,914,1171,6,1,2,4,902,12,3,NAmes,1Story,Gable,MetalSd,Gd,Ex,Y,Family,470644,54.0,6648.0,3.0,1981,1993.0,404.0,1018.0,914.0,1523,1414,1171,0,1,2,12,,4,902.0
2,17719,7,3,1970,1731,1993,3,2,0,2,466,5,3,CollgCr,1.5Fin,Hip,CemntBd,TA,Ex,N,Normal,699866,43.0,17719.0,7.0,1970,1976.0,252.0,954.0,1731.0,1806,486,1993,2,2,0,5,1970.0,2,466.0
3,5582,7,8,2023,787,3485,1,1,2,1,294,3,1,CollgCr,SLvl,Hip,BrkFace,TA,Gd,N,Partial,850367,75.0,5582.0,7.0,2023,2042.0,13.0,201.0,787.0,1716,100,3485,0,1,2,3,2023.0,1,294.0
4,11748,4,5,2018,1002,1269,4,4,1,4,936,8,0,Edwards,1Story,Hip,BrkFace,TA,Ex,Y,Partial,600172,71.0,11748.0,4.0,2018,2034.0,184.0,1644.0,,645,1527,1269,1,4,1,8,2020.0,4,936.0
5,19358,9,10,1968,1084,1171,2,3,2,4,989,8,3,NridgHt,2Story,Gable,CemntBd,Fa,Ex,Y,Normal,710024,68.0,19358.0,9.0,1968,1972.0,283.0,1479.0,1084.0,1581,973,1171,2,3,2,8,1968.0,4,989.0
6,8242,9,4,1999,1563,3040,4,3,2,0,174,6,2,NridgHt,1Story,Hip,BrkFace,Gd,Fa,Y,Partial,876963,57.0,8242.0,9.0,1999,2001.0,293.0,961.0,1563.0,2320,550,3040,2,3,2,6,2000.0,0,174.0
7,8854,4,7,2014,2494,1414,2,3,0,4,1015,4,2,Mitchel,1Story,Gable,Wd Sdng,TA,Gd,Y,Abnorml,681476,53.0,,4.0,2014,2022.0,188.0,1559.0,2494.0,524,762,1414,1,3,0,4,2015.0,4,1015.0
8,5580,4,10,1958,2181,3736,2,2,2,3,800,5,2,Sawyer,2Story,Flat,MetalSd,,Fa,N,Family,809454,109.0,5580.0,4.0,1958,1971.0,239.0,1719.0,2181.0,1239,41,3736,0,2,2,5,1959.0,3,800.0
9,17794,4,6,1978,262,1984,1,2,2,1,221,3,0,Edwards,1Story,Gable,Wd Sdng,Ex,Gd,N,Family,561454,51.0,17794.0,4.0,1978,1988.0,411.0,655.0,262.0,2412,691,1984,1,2,2,3,1980.0,1,221.0
10,7335,10,6,2010,1667,1379,1,1,2,3,750,6,3,Mitchel,1Story,Flat,VinylSd,Ex,Fa,N,Normal,723130,115.0,7335.0,10.0,2010,2026.0,282.0,416.0,1667.0,1148,1674,1379,0,1,2,6,2010.0,3,750.0
11,9278,6,10,1967,1728,1351,3,4,0,0,113,9,0,NAmes,1Story,Gable,MetalSd,Gd,Fa,N,Family,537876,94.0,9278.0,6.0,1967,1975.0,66.0,759.0,1728.0,770,1625,1351,0,4,0,9,1969.0,0,113.0
12,16141,3,5,1998,8,2199,3,4,1,3,838,9,3,OldTown,2Story,Hip,MetalSd,Ex,Ex,N,Normal,628692,44.0,16141.0,3.0,1998,1998.0,313.0,640.0,,1292,620,2199,2,4,1,9,1999.0,3,838.0
13,18623,5,3,2015,328,4087,2,1,2,0,172,5,3,CollgCr,2Story,Flat,CemntBd,Ex,Ex,N,Partial,902747,43.0,18623.0,5.0,2015,2024.0,452.0,847.0,328.0,2262,636,4087,1,1,2,5,2016.0,0,172.0
14,9693,8,6,1983,1621,1136,6,3,1,2,458,8,3,CollgCr,1Story,Flat,MetalSd,TA,Gd,N,Normal,612622,51.0,9693.0,8.0,1983,1992.0,44.0,93.0,1621.0,2218,574,1136,1,3,1,8,1984.0,2,458.0
15,15108,7,5,2006,2225,3481,3,1,2,4,956,5,1,Somerst,1Story,Gable,CemntBd,Gd,TA,N,Abnorml,981072,67.0,15108.0,7.0,2006,2024.0,33.0,1152.0,2225.0,1664,1726,3481,1,1,2,5,2006.0,4,956.0
16,14235,6,7,2014,2001,1628,1,1,2,3,730,3,0,NridgHt,2Story,Flat,Wd Sdng,Gd,Fa,N,Normal,685336,69.0,14235.0,6.0,2014,2032.0,158.0,1769.0,2001.0,1361,1006,1628,1,1,2,3,2015.0,3,730.0
17,5465,5,3,1997,2385,2863,2,4,0,0,78,6,0,NridgHt,2Story,Flat,MetalSd,Ex,TA,N,Abnorml,714939,104.0,5465.0,5.0,1997,2012.0,203.0,453.0,2385.0,1248,1757,2863,0,4,0,6,1998.0,0,78.0
18,8324,5,9,1953,734,3616,3,4,2,1,288,6,0,Sawyer,1Story,Hip,MetalSd,Gd,Fa,N,Partial,732869,117.0,8324.0,5.0,1953,1957.0,367.0,1518.0,734.0,1618,1425,3616,2,4,2,6,1955.0,1,288.0
19,10304,3,6,2001,1344,1741,1,3,1,4,982,7,2,NAmes,1Story,Hip,MetalSd,TA,Ex,Y,Family,624238,43.0,10304.0,3.0,2001,2015.0,368.0,298.0,1344.0,1898,1402,1741,2,3,1,7,2001.0,4,982.0
20,13278,9,4,1999,2361,1378,3,1,2,3,660,9,1,NridgHt,SLvl,Gable,Wd Sdng,TA,Ex,N,Partial,739568,111.0,13278.0,9.0,1999,2016.0,245.0,33.0,2361.0,853,201,1378,1,1,2,9,1999.0,3,
21,16382,8,9,1987,2270,1121,2,4,2,3,833,5,2,Sawyer,1Story,Hip,Wd Sdng,Gd,Fa,N,Family,725814,65.0,16382.0,8.0,1987,2002.0,269.0,534.0,2270.0,2062,1779,1121,2,4,2,5,1989.0,3,833.0
22,17488,6,10,1971,347,1762,5,3,0,1,392,9,1,,2Story,Gable,VinylSd,Gd,Fa,Y,Family,633473,109.0,17488.0,6.0,1971,1982.0,210.0,1133.0,347.0,1464,466,1762,2,3,0,9,1972.0,1,392.0
23,9371,9,10,2001,999,1204,6,1,0,3,716,9,3,NAmes,2Story,Gable,BrkFace,Gd,Fa,N,Family,687621,93.0,9371.0,9.0,2001,2011.0,393.0,1196.0,999.0,2454,275,1204,0,1,0,9,2001.0,3,716.0
24,19540,9,10,1970,1944,2443,3,2,2,2,573,8,1,Somerst,SLvl,Gable,Wd Sdng,Gd,TA,N,Partial,857839,68.0,19540.0,9.0,1970,1987.0,209.0,1186.0,1944.0,2077,615,2443,0,2,2,8,1971.0,2,573.0
25,5640,5,5,1979,1568,3442,2,2,0,3,764,6,3,Sawyer,1Story,Gable,BrkFace,Fa,Ex,N,Family,759346,97.0,5640.0,5.0,1979,1996.0,421.0,1474.0,1568.0,649,1523,3442,2,2,0,6,1981.0,3,764.0
26,14526,7,9,2003,2204,3661,6,2,1,1,289,11,3,NAmes,SLvl,Hip,BrkFace,Gd,Fa,Y,Normal,993838,,14526.0,7.0,2003,2015.0,294.0,855.0,2204.0,534,907,3661,1,2,1,11,2004.0,1,289.0
27,3888,4,9,1967,1891,1344,1,3,1,2,494,6,2,NridgHt,SLvl,Hip,BrkFace,TA,Ex,N,Normal,523481,75.0,3888.0,4.0,1967,1981.0,37.0,604.0,1891.0,1702,1585,1344,1,3,1,6,1968.0,2,494.0
28,4706,8,6,1958,164,3689,1,2,0,0,159,4,1,OldTown,SLvl,Flat,VinylSd,Gd,Fa,N,Partial,735052,,4706.0,8.0,1958,1968.0,64.0,312.0,164.0,638,1691,3689,0,2,0,4,1958.0,0,159.0
29,6753,5,7,1963,2370,705,3,4,1,1,239,9,1,CollgCr,1.5Fin,Flat,CemntBd,Ex,Ex,N,Family,472821,60.0,6753.0,5.0,1963,1969.0,497.0,401.0,2370.0,528,657,705,2,4,1,9,1963.0,1,239.0
30,15142,4,8,1951,1720,3968,4,1,1,2,602,9,1,Sawyer,2Story,Flat,CemntBd,TA,Fa,N,Family,836920,94.0,15142.0,4.0,1951,1958.0,162.0,675.0,1720.0,1036,551,3968,2,1,1,9,1953.0,2,602.0
31,11794,8,6,1961,1142,4211,4,2,1,4,1036,9,2,NAmes,SLvl,Hip,MetalSd,Fa,Gd,N,Partial,950158,,11794.0,8.0,1961,1979.0,328.0,471.0,1142.0,941,1492,4211,2,2,1,9,1963.0,4,1036.0
32,12163,7,3,2016,782,950,2,4,1,4,941,7,3,Mitchel,1Story,Gable,Wd Sdng,Gd,Fa,Y,Partial,671661,75.0,12163.0,7.0,2016,2028.0,37.0,777.0,782.0,581,853,950,0,4,1,7,2018.0,4,941.0
33,15092,10,8,2004,2254,1954,3,4,1,2,504,6,0,Edwards,1.5Fin,Gable,CemntBd,,Gd,Y,Family,866242,,15092.0,10.0,2004,2011.0,,1166.0,2254.0,2389,1238,1954,0,4,1,6,2005.0,2,504.0
34,12273,4,6,1987,931,2078,2,3,0,4,912,6,0,NAmes,1.5Fin,Flat,MetalSd,Fa,Ex,Y,Partial,650945,67.0,12273.0,4.0,1987,2000.0,238.0,1706.0,931.0,623,1322,2078,2,3,0,6,1988.0,4,912.0
35,18686,10,8,1973,210,1634,4,1,0,3,785,6,0,OldTown,2Story,Flat,Wd Sdng,Ex,Gd,Y,Family,722681,83.0,18686.0,10.0,1973,1974.0,348.0,503.0,210.0,2442,182,1634,1,1,0,6,1973.0,3,785.0
36,10395,9,10,2006,1217,4123,5,4,1,4,1038,7,0,Edwards,2Story,Hip,VinylSd,Gd,Gd,Y,Normal,1066783,53.0,10395.0,9.0,2006,2016.0,264.0,1022.0,1217.0,2116,384,4123,1,4,1,7,2007.0,4,1038.0
37,3087,9,10,2010,1192,733,2,3,2,2,619,7,0,Edwards,1.5Fin,Flat,CemntBd,Gd,Fa,Y,Abnorml,623645,51.0,3087.0,9.0,2010,2025.0,176.0,1127.0,1192.0,1315,904,733,0,3,2,7,2010.0,2,619.0
38,7882,7,5,1959,244,1279,3,3,1,0,119,7,3,Somerst,SLvl,Hip,VinylSd,Ex,Fa,N,Partial,459207,88.0,7882.0,7.0,1959,1971.0,65.0,1340.0,244.0,1537,432,1279,1,3,1,7,1960.0,0,119.0
39,5992,6,3,1984,2360,764,2,4,2,3,731,5,3,Mitchel,1Story,Hip,Wd Sdng,Fa,TA,N,Normal,527971,52.0,5992.0,6.0,1984,1996.0,449.0,1402.0,2360.0,1086,1687,764,1,4,2,5,1986.0,3,731.0
40,13807,9,10,1986,1640,3932,5,1,1,0,80,9,2,CollgCr,SLvl,Flat,VinylSd,Fa,Fa,Y,Abnorml,1004858,85.0,13807.0,9.0,1986,2006.0,424.0,691.0,1640.0,1787,833,3932,2,1,1,9,1986.0,0,80.0
41,14854,10,10,1956,833,1693,5,2,1,3,838,10,0,NAmes,2Story,Flat,MetalSd,TA,Ex,N,Normal,680964,84.0,14854.0,10.0,1956,1960.0,399.0,527.0,833.0,1959,1517,1693,2,2,1,10,1958.0,3,838.0
42,6717,10,4,1969,2041,4420,6,3,2,2,546,11,3,Edwards,SLvl,Flat,MetalSd,Fa,Gd,Y,Normal,1038441,117.0,6717.0,10.0,1969,1984.0,282.0,1563.0,2041.0,1526,992,4420,1,3,2,11,1971.0,2,546.0
43,16596,8,7,1950,1158,3573,3,4,0,3,797,8,2,NridgHt,SLvl,Hip,Wd Sdng,Gd,Gd,N,Abnorml,897786,73.0,16596.0,8.0,1950,1951.0,327.0,1682.0,1158.0,2071,1555,3573,0,4,0,8,1952.0,3,797.0
44,4430,8,10,1998,1581,3318,6,2,1,0,32,12,2,CollgCr,SLvl,Gable,CemntBd,Fa,Ex,Y,Family,888386,45.0,4430.0,8.0,1998,2002.0,300.0,1000.0,1581.0,1350,1057,3318,2,2,1,12,2000.0,0,32.0
45,8058,4,10,1983,1386,3152,6,4,2,0,84,12,3,NridgHt,SLvl,Flat,VinylSd,Ex,Gd,N,Abnorml,778438,98.0,8058.0,,1983,1999.0,93.0,1481.0,1386.0,1367,1776,3152,1,4,2,12,1984.0,0,84.0
46,5961,9,4,1962,1817,1281,6,3,0,0,83,8,2,NridgHt,1.5Fin,Hip,MetalSd,Gd,Fa,Y,Abnorml,567154,108.0,5961.0,9.0,1962,1980.0,393.0,1314.0,1817.0,1937,765,1281,2,3,0,8,1963.0,0,83.0
47,5587,9,6,2013,2388,1186,2,4,2,2,557,6,0,Mitchel,1.5Fin,Flat,CemntBd,Gd,Ex,N,Partial,711329,55.0,5587.0,,2013,2023.0,494.0,1514.0,2388.0,1323,1681,1186,2,4,2,6,2015.0,2,557.0
48,12802,9,7,2008,1237,1415,4,4,0,1,317,10,2,Somerst,1.5Fin,Gable,BrkFace,TA,Ex,Y,Family,731063,88.0,12802.0,9.0,2008,2011.0,66.0,1004.0,1237.0,668,115,1415,1,4,0,10,2010.0,1,317.0
49,10540,8,6,1974,1026,3376,6,2,2,0,160,8,2,Mitchel,1Story,Flat,Wd Sdng,Gd,Ex,N,Partial,843456,50.0,10540.0,8.0,1974,1988.0,221.0,,1026.0,1811,1055,3376,1,2,2,8,1976.0,0,160.0
50,16615,5,6,1966,2209,4189,3,3,0,2,563,7,2,CollgCr,SLvl,Gable,MetalSd,Gd,Fa,N,Normal,934343,110.0,16615.0,5.0,1966,1969.0,257.0,344.0,2209.0,1598,1620,4189,0,3,0,7,1967.0,2,563.0
51,3456,7,4,2008,1509,3355,6,3,2,3,823,10,0,Edwards,SLvl,Gable,CemntBd,TA,Gd,Y,Family,883496,77.0,3456.0,7.0,2008,2024.0,466.0,1500.0,1509.0,1601,325,3355,1,3,2,10,2009.0,3,823.0
52,12902,9,4,1967,185,4475,1,3,1,0,24,4,1,Sawyer,SLvl,Hip,CemntBd,Fa,Gd,N,Normal,944556,120.0,12902.0,9.0,1967,1981.0,444.0,1628.0,185.0,1761,134,4475,2,3,1,4,1967.0,0,24.0
53,16373,7,3,1997,889,2416,4,2,1,0,175,8,2,NAmes,SLvl,Hip,MetalSd,Ex,Fa,Y,Abnorml,764927,119.0,16373.0,7.0,1997,1997.0,28.0,721.0,889.0,812,637,2416,0,2,1,8,1997.0,0,175.0
54,3699,3,8,1981,515,3823,5,2,0,4,933,11,1,Edwards,1.5Fin,Gable,CemntBd,Ex,TA,Y,Abnorml,771182,86.0,3699.0,3.0,1981,1985.0,425.0,346.0,515.0,1068,1453,3823,1,2,0,11,1981.0,4,933.0
55,11213,5,4,1953,539,660,3,2,2,2,444,6,2,NAmes,2Story,Flat,BrkFace,Ex,Ex,N,Family,380469,113.0,11213.0,5.0,1953,1966.0,63.0,286.0,539.0,671,1037,660,2,2,2,6,1953.0,2,444.0
56,19817,4,10,2014,907,4472,5,1,2,4,957,10,0,NAmes,SLvl,Hip,BrkFace,Ex,Fa,,Normal,996781,64.0,19817.0,4.0,2014,2034.0,265.0,1475.0,907.0,1134,826,4472,0,1,2,10,2015.0,4,957.0
57,13554,5,4,1966,1126,3157,6,3,1,4,1015,10,3,Sawyer,1Story,Flat,VinylSd,Gd,Fa,N,Abnorml,780493,48.0,13554.0,5.0,1966,1970.0,78.0,1119.0,1126.0,661,277,3157,0,3,1,10,1966.0,4,1015.0
58,14106,10,9,2003,389,1880,4,3,2,2,535,7,3,CollgCr,1Story,Gable,VinylSd,Fa,Ex,N,Abnorml,809713,45.0,14106.0,10.0,2003,2005.0,,1000.0,389.0,1547,1598,1880,0,3,2,7,2005.0,2,535.0
59,4965,8,4,2002,1448,4178,6,4,2,0,73,12,2,NridgHt,1Story,Flat,CemntBd,Gd,Gd,N,Abnorml,939522,69.0,4965.0,8.0,2002,2017.0,84.0,376.0,1448.0,2386,1743,4178,2,4,2,12,2003.0,0,73.0
60,14472,8,4,1985,2351,1526,4,1,2,2,447,7,2,Somerst,1.5Fin,Hip,VinylSd,Gd,Gd,N,Normal,675534,77.0,14472.0,8.0,1985,1993.0,82.0,1110.0,2351.0,916,1073,1526,2,1,2,7,1987.0,2,
61,4004,4,6,1998,1719,2458,3,2,1,2,523,9,0,NAmes,2Story,Gable,CemntBd,,Ex,N,Family,660929,50.0,4004.0,4.0,1998,2008.0,165.0,1314.0,1719.0,2495,1800,2458,0,2,1,9,1999.0,2,523.0
62,16894,10,10,2003,1118,1482,5,1,1,3,688,9,3,Somerst,1Story,Gable,BrkFace,Ex,Ex,Y,Partial,790577,69.0,16894.0,10.0,2003,2022.0,478.0,120.0,1118.0,2154,1164,1482,2,1,1,9,2004.0,3,688.0
63,7496,7,7,1991,491,631,4,4,0,1,317,10,1,NridgHt,1Story,Hip,VinylSd,Fa,Ex,,Normal,477197,52.0,7496.0,7.0,1991,2003.0,363.0,1073.0,491.0,818,59,631,0,4,0,10,1993.0,1,317.0
64,17066,9,9,1987,471,2259,1,3,0,4,997,5,0,Sawyer,1Story,Gable,BrkFace,Fa,Ex,N,Partial,828438,88.0,17066.0,9.0,1987,2007.0,115.0,69.0,471.0,1598,355,2259,0,3,0,5,1989.0,4,997.0
65,14125,6,8,1971,312,2690,6,1,2,4,929,10,2,OldTown,2Story,Gable,MetalSd,TA,Gd,Y,Abnorml,766091,75.0,14125.0,6.0,1971,1973.0,177.0,1718.0,312.0,1169,394,2690,2,1,2,10,1972.0,4,929.0
66,5469,5,10,2009,2309,3712,5,4,2,4,1044,11,2,,2Story,Hip,VinylSd,Fa,Fa,N,Partial,964028,98.0,5469.0,5.0,2009,2019.0,485.0,1734.0,,1300,1792,3712,2,4,2,11,2009.0,4,1044.0
67,4840,8,4,1989,1891,2451,1,1,1,2,459,3,3,Mitchel,1Story,Hip,CemntBd,Gd,TA,N,Abnorml,719599,86.0,4840.0,8.0,1989,2006.0,481.0,152.0,1891.0,1701,1705,2451,0,1,1,3,1990.0,2,459.0
68,17762,4,8,1960,2066,3246,2,1,0,3,772,8,1,NridgHt,1.5Fin,Hip,BrkFace,Fa,TA,Y,Partial,774721,60.0,17762.0,4.0,1960,1972.0,,1675.0,2066.0,1799,411,3246,2,1,0,8,1960.0,3,772.0
69,13803,4,9,1986,1032,3564,6,2,1,0,149,9,2,Somerst,SLvl,Gable,CemntBd,Ex,TA,N,Partial,778793,87.0,13803.0,4.0,1986,1996.0,458.0,1368.0,1032.0,2063,1714,3564,1,2,1,9,1986.0,0,149.0
70,6062,9,8,1952,1485,1865,2,2,1,3,709,5,1,OldTown,1Story,Hip,VinylSd,,TA,Y,Family,647856,85.0,6062.0,9.0,1952,1972.0,145.0,99.0,1485.0,2209,118,1865,0,2,1,5,1952.0,3,709.0
71,8316,5,5,2006,178,2282,3,2,1,4,952,8,1,Edwards,1.5Fin,Hip,MetalSd,TA,Fa,N,Partial,659792,66.0,8316.0,5.0,2006,2021.0,433.0,1565.0,178.0,1830,510,2282,0,2,1,8,2008.0,4,
72,19479,9,5,1975,2476,1166,3,1,2,3,755,9,0,CollgCr,1.5Fin,Gable,MetalSd,TA,Fa,Y,Family,686464,74.0,19479.0,,1975,1992.0,40.0,13.0,2476.0,1894,67,1166,2,1,2,9,1975.0,3,755.0
73,10275,10,8,1953,1699,818,4,3,0,3,680,8,1,NAmes,1.5Fin,Gable,Wd Sdng,,Gd,Y,Partial,609637,49.0,10275.0,10.0,1953,1954.0,128.0,844.0,1699.0,1817,934,818,2,3,0,8,1953.0,3,680.0
74,7547,10,10,1950,324,677,3,2,0,4,1035,9,3,CollgCr,1.5Fin,Gable,Wd Sdng,Ex,Ex,Y,Family,561736,117.0,7547.0,10.0,1950,,100.0,281.0,324.0,635,103,677,2,2,0,9,1950.0,4,1035.0
75,17978,4,4,2013,2444,2795,1,2,2,1,294,6,0,NridgHt,2Story,Flat,BrkFace,Gd,Ex,N,Normal,809683,61.0,17978.0,4.0,2013,2015.0,325.0,1725.0,2444.0,1135,738,2795,1,2,2,6,2014.0,1,294.0
76,19624,3,9,2010,178,3203,4,3,1,0,91,6,2,Edwards,1Story,Flat,Wd Sdng,Gd,Ex,N,Partial,802460,108.0,19624.0,3.0,2010,2017.0,489.0,1291.0,178.0,1930,1443,3203,2,3,1,6,2011.0,0,91.0
77,8737,10,10,1973,552,858,6,4,0,2,491,8,1,NAmes,1.5Fin,Hip,CemntBd,Fa,Fa,N,Normal,612469,71.0,8737.0,10.0,1973,1993.0,282.0,473.0,552.0,1395,407,858,0,4,0,8,1973.0,2,491.0
78,9262,7,8,1956,1359,1719,1,3,1,3,772,6,2,OldTown,SLvl,Flat,BrkFace,TA,TA,Y,Family,615389,60.0,9262.0,7.0,1956,1965.0,140.0,139.0,1359.0,1994,561,1719,2,3,1,6,1958.0,3,772.0
79,17110,5,7,1991,420,927,3,3,1,3,814,8,1,Mitchel,1.5Fin,Hip,VinylSd,TA,Fa,N,Normal,519317,99.0,17110.0,5.0,1991,1998.0,64.0,1448.0,420.0,2452,754,927,2,3,1,8,1992.0,3,814.0
80,16310,8,5,1953,584,4076,5,4,0,1,237,8,2,NridgHt,SLvl,Flat,VinylSd,Gd,Fa,N,Partial,909914,88.0,16310.0,8.0,1953,1955.0,320.0,309.0,584.0,2233,1686,4076,0,4,0,8,1955.0,1,237.0
81,5519,5,8,2000,1287,3260,3,2,0,0,47,8,3,CollgCr,1.5Fin,Hip,BrkFace,Gd,TA,N,Abnorml,751396,74.0,5519.0,,2000,2013.0,155.0,18.0,1287.0,988,950,3260,0,2,0,8,2000.0,0,
82,7447,4,10,1972,1823,959,6,3,2,2,456,12,2,Somerst,2Story,Flat,MetalSd,TA,Gd,Y,Abnorml,488268,111.0,7447.0,,1972,1975.0,314.0,447.0,1823.0,618,1034,959,1,3,2,12,1972.0,2,456.0
83,10757,10,3,1996,2269,2944,3,4,2,1,376,5,0,Somerst,SLvl,Flat,BrkFace,Fa,Fa,Y,Abnorml,913813,68.0,10757.0,10.0,1996,2016.0,273.0,1035.0,2269.0,1000,812,2944,2,4,2,5,1996.0,1,376.0
84,5430,10,10,2016,1411,1125,5,2,0,3,788,7,0,OldTown,1.5Fin,Gable,MetalSd,TA,Gd,N,Partial,671933,81.0,5430.0,10.0,2016,2019.0,47.0,933.0,1411.0,676,1301,1125,1,2,0,7,2016.0,3,788.0
85,11211,6,7,1966,1240,3116,5,1,2,1,371,11,1,OldTown,1.5Fin,Flat,VinylSd,Ex,Ex,Y,Partial,767058,47.0,11211.0,6.0,1966,1980.0,257.0,764.0,1240.0,2393,253,3116,0,1,2,11,1966.0,1,371.0
86,9907,9,3,2013,2234,1786,6,3,1,1,395,11,2,Mitchel,1Story,Flat,VinylSd,Gd,Fa,N,Family,771789,69.0,9907.0,9.0,2013,2018.0,328.0,123.0,2234.0,1389,1395,1786,0,3,1,11,2014.0,1,395.0
87,9685,8,5,1990,1307,3607,3,4,0,2,571,9,0,NridgHt,2Story,Hip,VinylSd,TA,Fa,Y,Abnorml,894039,44.0,9685.0,8.0,1990,1999.0,86.0,1265.0,1307.0,737,62,3607,0,4,0,9,1990.0,2,571.0
88,4658,7,9,2003,1016,4144,2,3,2,2,488,5,3,Mitchel,SLvl,Hip,BrkFace,Ex,Ex,N,Family,950964,80.0,4658.0,7.0,2003,2003.0,303.0,1306.0,1016.0,1428,495,4144,0,3,2,5,2004.0,2,
89,10049,8,3,1956,1152,2627,5,4,1,4,882,7,3,OldTown,1.5Fin,Flat,Wd Sdng,Fa,TA,Y,Family,750006,91.0,10049.0,8.0,1956,1957.0,482.0,1365.0,1152.0,1753,762,2627,0,4,1,7,1957.0,4,882.0
90,9378,8,7,1959,1582,2665,4,3,2,4,910,7,0,Sawyer,1.5Fin,Hip,CemntBd,TA,Gd,Y,Family,789411,,9378.0,8.0,1959,1969.0,297.0,1262.0,1582.0,1746,1001,2665,1,3,2,7,1960.0,4,910.0
91,4319,3,3,1967,1364,3893,4,4,0,4,1011,7,2,NridgHt,2Story,Hip,CemntBd,TA,TA,N,Partial,771536,48.0,4319.0,3.0,1967,1968.0,78.0,989.0,1364.0,612,1216,3893,2,4,0,7,1968.0,4,1011.0
92,3545,8,8,1964,1706,2990,3,1,2,3,727,9,1,NAmes,SLvl,Gable,CemntBd,Fa,Gd,Y,Normal,792503,67.0,3545.0,8.0,1964,1973.0,87.0,1350.0,1706.0,1133,913,2990,0,1,2,9,1965.0,3,727.0
93,6601,6,3,2006,1284,2315,2,4,2,1,325,8,3,NAmes,2Story,Flat,MetalSd,TA,Fa,N,Partial,696495,112.0,6601.0,6.0,2006,2017.0,337.0,999.0,1284.0,1864,363,2315,2,4,2,8,2007.0,1,325.0
94,18062,8,8,1983,2498,2583,2,2,1,4,956,5,2,Somerst,2Story,Flat,BrkFace,TA,Fa,N,Partial,886022,80.0,18062.0,8.0,1983,1994.0,319.0,,2498.0,2018,1782,2583,0,2,1,5,1985.0,4,956.0
95,6993,9,9,1994,599,1789,1,3,2,0,88,6,2,Mitchel,2Story,Gable,CemntBd,TA,TA,Y,Normal,709152,67.0,,9.0,1994,2007.0,368.0,13.0,599.0,1847,971,1789,1,3,2,6,1994.0,0,88.0
96,10840,6,3,2017,924,3213,2,1,0,3,744,7,0,OldTown,1Story,Flat,MetalSd,Fa,Fa,N,Abnorml,839079,,10840.0,6.0,2017,2021.0,461.0,1089.0,924.0,2016,1201,3213,1,1,0,7,2018.0,3,744.0
97,12412,8,7,1957,366,3271,5,2,2,0,44,10,1,NAmes,SLvl,Hip,MetalSd,TA,Ex,,Partial,788623,90.0,12412.0,8.0,1957,1964.0,309.0,1129.0,366.0,859,1129,3271,1,2,2,10,1957.0,0,44.0
98,6516,8,7,2008,2225,2747,4,2,2,3,729,7,0,NridgHt,2Story,Flat,BrkFace,TA,Gd,Y,Partial,857345,98.0,6516.0,8.0,2008,2024.0,172.0,842.0,2225.0,744,716,2747,1,2,2,7,2008.0,3,729.0
99,9329,5,9,2004,2110,1943,1,4,2,0,47,4,3,NridgHt,2Story,Gable,Wd Sdng,Fa,Gd,N,Partial,696786,58.0,9329.0,5.0,2004,2017.0,431.0,24.0,2110.0,525,705,1943,2,4,2,4,2004.0,0,47.0
100,12894,3,7,1996,967,854,6,1,1,2,480,11,2,CollgCr,1.5Fin,Hip,CemntBd,Gd,Gd,,Family,459528,73.0,,3.0,1996,2014.0,473.0,34.0,967.0,1949,334,854,1,1,1,11,1997.0,2,480.0
101,17908,8,9,2020,1928,3702,5,2,0,4,900,11,3,NridgHt,1Story,Flat,VinylSd,Ex,Gd,,Abnorml,1093671,57.0,17908.0,8.0,2020,2025.0,288.0,1084.0,1928.0,781,1715,3702,1,2,0,11,2021.0,4,900.0
102,17478,4,6,2024,2002,972,5,4,0,3,693,11,3,Mitchel,1Story,Flat,BrkFace,TA,Ex,N,Partial,629975,71.0,17478.0,4.0,2024,2029.0,21.0,1479.0,2002.0,1936,529,972,1,4,0,11,2024.0,3,693.0
103,10140,4,3,2004,1411,3468,1,1,0,3,668,5,3,OldTown,2Story,Flat,BrkFace,TA,Fa,N,Family,808203,111.0,10140.0,4.0,2004,2009.0,422.0,562.0,1411.0,523,1533,3468,0,1,0,5,2006.0,3,668.0
104,5629,5,8,1965,731,2800,4,2,2,1,220,6,2,Mitchel,SLvl,Flat,BrkFace,Gd,Gd,N,Partial,626525,108.0,5629.0,5.0,1965,,442.0,1097.0,731.0,835,1701,2800,1,2,2,6,1966.0,1,220.0
105,12032,6,4,1954,1717,3118,1,2,0,0,25,7,0,Mitchel,1Story,Gable,VinylSd,Fa,Fa,Y,Abnorml,743086,,,6.0,1954,1973.0,14.0,587.0,1717.0,1516,1410,3118,2,2,0,7,1954.0,0,25.0
106,4849,5,7,1979,2359,1906,5,3,0,2,476,11,1,Sawyer,1.5Fin,Hip,VinylSd,Gd,Fa,N,Normal,612150,114.0,4849.0,5.0,1979,1991.0,41.0,35.0,2359.0,2451,185,1906,0,3,0,11,1979.0,2,476.0
107,15489,8,9,2002,611,1828,4,2,2,3,721,7,2,OldTown,SLvl,Gable,CemntBd,Fa,Fa,Y,Family,756194,94.0,15489.0,8.0,2002,2021.0,23.0,1028.0,611.0,1210,583,1828,2,2,2,7,2003.0,3,721.0
108,11355,6,8,1960,1842,4069,3,1,2,1,233,7,3,NAmes,1Story,Gable,CemntBd,Gd,Fa,Y,Partial,890749,114.0,11355.0,6.0,1960,1967.0,485.0,1665.0,1842.0,1571,56,4069,0,1,2,7,1961.0,1,233.0
109,3502,6,6,1965,1961,4345,2,2,1,1,361,6,2,Sawyer,SLvl,Flat,Wd Sdng,TA,TA,N,Family,874587,91.0,3502.0,6.0,1965,1980.0,328.0,1429.0,1961.0,1559,791,4345,2,2,1,6,,1,361.0
110,6231,10,8,1976,1518,1881,4,1,2,1,257,6,2,Sawyer,1.5Fin,Gable,MetalSd,TA,Gd,N,Abnorml,704758,86.0,6231.0,10.0,1976,1994.0,394.0,1380.0,1518.0,2103,101,1881,2,1,2,6,1976.0,1,257.0
111,14061,7,10,2012,1887,1289,6,3,0,1,359,11,1,NAmes,1Story,Gable,VinylSd,Ex,Fa,Y,Abnorml,686145,68.0,14061.0,7.0,2012,2016.0,295.0,881.0,1887.0,2184,333,1289,2,3,0,11,2014.0,1,359.0
112,7948,3,6,2014,1867,2128,1,4,2,3,664,3,3,NAmes,1Story,Flat,Wd Sdng,TA,Ex,,Abnorml,676606,57.0,7948.0,3.0,2014,2021.0,135.0,1651.0,1867.0,1976,1748,2128,0,4,2,3,2014.0,3,664.0
113,6156,5,6,1974,2156,1633,3,3,1,0,95,8,3,Edwards,2Story,Hip,VinylSd,Ex,Ex,N,Family,563274,105.0,6156.0,5.0,1974,1988.0,333.0,,2156.0,1030,1171,1633,2,3,1,8,1975.0,0,95.0
114,18597,3,3,1971,338,2647,4,3,2,0,135,6,1,Edwards,SLvl,Hip,VinylSd,Ex,TA,Y,Abnorml,623462,103.0,18597.0,3.0,1971,1991.0,107.0,219.0,338.0,841,1597,2647,2,3,2,6,1972.0,0,135.0
115,3513,6,5,2000,315,1825,2,2,2,3,833,8,2,Sawyer,2Story,Flat,VinylSd,TA,Ex,Y,Family,599316,,3513.0,6.0,2000,2008.0,392.0,197.0,,1261,438,1825,0,2,2,8,2000.0,3,
116,5490,8,9,1991,121,3197,3,4,1,1,311,9,3,Sawyer,2Story,Flat,CemntBd,Fa,Ex,N,Abnorml,840349,46.0,5490.0,8.0,1991,2005.0,292.0,1073.0,121.0,759,1755,3197,2,4,1,9,1993.0,1,311.0
117,5408,4,7,1969,1556,3515,6,2,2,3,741,10,0,CollgCr,1Story,Hip,BrkFace,TA,TA,Y,Abnorml,735629,54.0,5408.0,4.0,1969,1977.0,213.0,304.0,1556.0,2035,453,3515,0,2,2,10,1969.0,3,741.0
118,9140,9,10,2021,2272,2698,4,1,0,0,90,10,0,NridgHt,SLvl,Gable,Wd Sdng,Fa,Fa,Y,Abnorml,898403,59.0,9140.0,9.0,2021,2021.0,316.0,493.0,,2099,1325,2698,1,1,0,10,2021.0,0,90.0
119,8556,9,5,1967,1101,1833,3,4,0,0,42,8,2,Sawyer,1.5Fin,Hip,VinylSd,TA,TA,Y,Family,675346,120.0,8556.0,9.0,1967,1981.0,327.0,393.0,1101.0,2288,461,1833,2,4,0,8,1968.0,0,42.0
120,9407,10,4,1967,1247,627,4,3,2,3,744,9,2,Sawyer,2Story,Hip,Wd Sdng,Gd,Fa,N,Abnorml,565026,60.0,9407.0,10.0,1967,1976.0,15.0,1269.0,1247.0,1050,1387,627,0,3,2,9,1969.0,3,744.0
121,13457,7,10,2023,992,1934,4,3,1,2,469,10,1,OldTown,1Story,Flat,BrkFace,Gd,Fa,N,Normal,770755,94.0,13457.0,7.0,2023,2040.0,254.0,1078.0,992.0,2001,423,1934,1,3,1,10,2023.0,2,469.0
122,19361,5,7,1980,1034,3297,2,4,1,0,114,8,3,Sawyer,SLvl,Flat,VinylSd,TA,Ex,Y,Abnorml,862092,116.0,19361.0,5.0,1980,1985.0,455.0,516.0,1034.0,2315,551,3297,2,4,1,8,1982.0,0,114.0
123,14632,5,3,2022,1636,3682,3,4,0,0,25,7,1,Edwards,SLvl,Hip,BrkFace,Fa,Gd,N,Normal,911130,48.0,14632.0,5.0,2022,2024.0,321.0,1669.0,1636.0,741,1334,3682,1,4,0,7,2024.0,0,25.0
124,6425,7,9,1960,475,4005,6,2,1,2,527,11,1,,1.5Fin,Hip,VinylSd,Fa,Fa,N,Normal,823453,89.0,6425.0,7.0,1960,1974.0,279.0,725.0,475.0,2079,838,4005,2,2,1,11,1960.0,2,527.0
125,4464,4,3,1993,447,3373,2,2,2,1,361,5,2,Sawyer,SLvl,Gable,BrkFace,Gd,Gd,N,Family,670502,88.0,4464.0,4.0,1993,2004.0,148.0,547.0,447.0,2342,1051,3373,0,2,2,5,1994.0,1,361.0
126,9465,10,9,1999,18,3486,2,2,1,0,147,4,1,NridgHt,1.5Fin,Gable,BrkFace,Ex,TA,N,Partial,904063,116.0,9465.0,10.0,1999,2017.0,328.0,1628.0,18.0,560,41,3486,1,2,1,4,2000.0,0,147.0
127,15734,9,4,1994,1441,4063,4,2,2,2,597,10,0,OldTown,1.5Fin,Gable,MetalSd,TA,Ex,Y,Partial,1042044,99.0,15734.0,9.0,1994,2003.0,489.0,812.0,1441.0,1186,1770,4063,1,2,2,10,1996.0,2,597.0
128,7632,9,9,1967,2354,2171,4,2,1,4,1057,7,1,Mitchel,1.5Fin,Gable,MetalSd,TA,Fa,Y,Partial,758930,107.0,7632.0,,1967,1987.0,154.0,161.0,2354.0,2152,1598,2171,1,2,1,7,1968.0,4,1057.0
129,18879,5,6,1999,2300,2670,6,4,1,3,766,11,3,OldTown,1Story,Flat,VinylSd,Gd,TA,Y,Partial,865109,72.0,18879.0,5.0,1999,2012.0,247.0,764.0,2300.0,1379,1571,2670,1,4,1,11,2000.0,3,
130,12459,5,10,2022,2028,2851,5,1,2,0,68,11,2,NAmes,SLvl,Flat,MetalSd,Fa,Ex,Y,Partial,816566,110.0,12459.0,5.0,2022,2030.0,125.0,831.0,2028.0,1057,1397,2851,2,1,2,11,2022.0,0,68.0
131,17736,7,8,1961,1798,4144,1,2,0,4,1056,5,3,OldTown,2Story,Gable,MetalSd,Ex,TA,N,Abnorml,989636,41.0,17736.0,7.0,1961,1975.0,412.0,940.0,1798.0,1572,18,4144,0,2,0,5,1963.0,4,1056.0
132,12589,7,7,2015,390,1155,4,1,1,1,399,7,1,OldTown,1.5Fin,Gable,BrkFace,Fa,Gd,N,Family,587371,54.0,12589.0,7.0,2015,2024.0,413.0,1157.0,390.0,630,970,1155,1,1,1,7,2017.0,1,
133,17810,4,4,2001,2111,3671,3,3,1,3,743,9,0,CollgCr,SLvl,Flat,Wd Sdng,Ex,Fa,Y,Family,905948,108.0,17810.0,4.0,2001,2007.0,350.0,498.0,2111.0,1038,270,3671,0,3,1,9,2001.0,3,743.0
134,19210,7,8,1986,1383,2841,5,2,2,3,747,7,0,CollgCr,SLvl,Gable,VinylSd,Gd,Fa,N,Normal,849421,74.0,19210.0,7.0,1986,1998.0,207.0,1427.0,1383.0,1958,1325,2841,2,2,2,7,1988.0,3,747.0
135,9629,5,7,1970,1122,982,6,3,1,0,95,9,0,Sawyer,1.5Fin,Flat,MetalSd,Fa,Ex,Y,Normal,447870,83.0,9629.0,5.0,1970,1985.0,152.0,462.0,1122.0,2496,354,982,0,3,1,9,1972.0,0,95.0
136,18624,4,5,1978,2127,3385,4,1,0,2,470,9,1,Mitchel,1Story,Gable,BrkFace,,Ex,Y,Partial,823877,54.0,18624.0,4.0,1978,1981.0,232.0,614.0,2127.0,1680,1231,3385,0,1,0,9,1980.0,2,470.0
137,12805,5,9,1967,585,880,5,1,2,1,332,9,1,OldTown,SLvl,Flat,BrkFace,Gd,Ex,Y,Abnorml,478817,77.0,12805.0,5.0,1967,1974.0,37.0,1400.0,585.0,1785,1640,880,2,1,2,9,1967.0,1,332.0
138,7035,9,8,2004,1288,3840,2,2,1,0,63,8,2,NAmes,1.5Fin,Gable,CemntBd,Gd,Fa,N,Normal,939975,95.0,7035.0,9.0,2004,2016.0,352.0,1695.0,1288.0,657,17,3840,1,2,1,8,2005.0,0,63.0
139,19216,9,4,1980,2046,3213,5,1,2,0,92,9,1,Sawyer,SLvl,Hip,CemntBd,Gd,Fa,Y,Normal,923959,60.0,19216.0,9.0,1980,1998.0,30.0,1736.0,2046.0,1516,458,3213,2,1,2,9,1981.0,0,92.0
140,5212,3,7,1977,163,4378,1,4,2,2,600,7,3,Sawyer,SLvl,Gable,CemntBd,Gd,TA,Y,Partial,810115,98.0,5212.0,3.0,1977,1988.0,80.0,165.0,163.0,1432,516,4378,1,4,2,7,1979.0,2,600.0
141,19754,6,5,2018,1338,2200,5,1,1,3,721,7,1,CollgCr,SLvl,Gable,BrkFace,Ex,TA,Y,Normal,774584,40.0,19754.0,6.0,2018,2036.0,225.0,1338.0,1338.0,1546,1245,2200,2,1,1,7,2019.0,3,721.0
142,7496,3,5,2013,1420,2742,5,3,0,2,472,9,0,NAmes,1.5Fin,Hip,Wd Sdng,Ex,TA,Y,Family,710947,73.0,7496.0,3.0,2013,2022.0,212.0,,1420.0,1237,1648,2742,0,3,0,9,2013.0,2,472.0
143,19737,8,3,2013,2321,1283,3,2,1,0,146,5,1,NAmes,1Story,Gable,MetalSd,Ex,Fa,N,Family,697852,,19737.0,8.0,2013,2022.0,247.0,,2321.0,613,625,1283,1,2,1,5,2014.0,0,146.0
144,8864,3,9,1978,1318,1616,4,3,1,0,146,8,0,NAmes,2Story,Gable,CemntBd,Ex,Fa,Y,Family,505135,62.0,8864.0,3.0,1978,1978.0,237.0,1555.0,1318.0,1523,1459,1616,2,3,1,8,1978.0,0,146.0
145,13180,8,4,2020,1870,632,3,2,1,4,957,9,1,Mitchel,1.5Fin,Flat,BrkFace,Gd,Gd,Y,Normal,662242,104.0,13180.0,8.0,2020,2032.0,104.0,64.0,1870.0,2259,1452,632,2,2,1,9,2022.0,4,957.0
146,3783,6,8,1951,1372,605,6,4,2,2,466,9,1,Sawyer,SLvl,Gable,MetalSd,TA,Ex,Y,Abnorml,437180,53.0,3783.0,6.0,1951,1959.0,174.0,191.0,1372.0,1660,1316,605,2,4,2,9,1951.0,2,466.0
147,16535,8,10,1960,2378,991,5,2,2,3,679,11,0,Sawyer,2Story,Gable,Wd Sdng,TA,TA,N,Partial,627204,120.0,16535.0,8.0,1960,1960.0,310.0,,2378.0,841,563,991,1,2,2,11,1960.0,3,679.0
148,17835,7,6,1959,830,1157,5,1,0,0,42,10,3,NridgHt,SLvl,Gable,CemntBd,TA,Gd,N,Partial,535465,78.0,17835.0,7.0,1959,1977.0,73.0,776.0,830.0,1253,867,1157,0,1,0,10,1959.0,0,42.0
149,11683,4,4,1970,1246,3984,6,1,0,2,477,8,1,NridgHt,SLvl,Flat,VinylSd,TA,TA,Y,Normal,806290,104.0,11683.0,4.0,1970,1971.0,160.0,772.0,1246.0,822,771,3984,2,1,0,8,1972.0,2,477.0
150,17817,6,4,2009,417,3892,2,1,0,0,56,5,1,Sawyer,1.5Fin,Flat,VinylSd,TA,Ex,Y,Normal,885696,117.0,17817.0,6.0,2009,2028.0,441.0,1131.0,417.0,1022,1744,3892,2,1,0,5,2010.0,0,56.0
151,17530,5,4,1992,501,774,4,1,0,4,990,9,3,NAmes,SLvl,Flat,BrkFace,Gd,TA,Y,Abnorml,526216,65.0,17530.0,5.0,1992,2007.0,367.0,974.0,501.0,2083,714,774,0,1,0,9,1993.0,4,990.0
152,12170,10,5,1954,1006,3251,3,4,1,4,1002,5,0,Somerst,SLvl,Gable,BrkFace,Gd,Gd,Y,Family,908301,59.0,12170.0,10.0,1954,1963.0,163.0,114.0,1006.0,710,940,3251,0,4,1,5,1954.0,4,1002.0
153,14767,10,10,1994,2316,2657,3,4,1,1,226,7,1,NAmes,1.5Fin,Gable,BrkFace,TA,Gd,Y,Normal,936945,87.0,14767.0,10.0,1994,2001.0,375.0,1304.0,2316.0,2331,516,2657,0,4,1,7,1994.0,1,226.0
154,10902,7,3,1978,2358,4067,4,3,0,1,280,10,2,NridgHt,1Story,Flat,Wd Sdng,Gd,Gd,N,Partial,920887,60.0,10902.0,7.0,1978,1997.0,440.0,19.0,2358.0,1675,446,4067,0,3,0,10,1979.0,1,280.0
155,19070,3,4,1957,952,3064,2,1,2,3,660,6,1,OldTown,1.5Fin,Flat,MetalSd,TA,Ex,Y,Abnorml,711464,109.0,19070.0,3.0,1957,1968.0,176.0,1439.0,952.0,1880,955,3064,2,1,2,6,1959.0,3,660.0
156,7641,4,8,1959,1530,3485,6,4,2,0,86,10,2,OldTown,2Story,Flat,BrkFace,Fa,TA,Y,Partial,740426,107.0,7641.0,4.0,1959,1966.0,499.0,350.0,1530.0,1980,618,3485,2,4,2,10,1959.0,0,86.0
157,8745,9,7,1987,521,1327,6,1,2,4,980,12,0,OldTown,1.5Fin,Flat,MetalSd,Ex,Fa,Y,Partial,659391,40.0,8745.0,9.0,1987,2007.0,204.0,,521.0,736,1386,1327,1,1,2,12,,4,980.0
158,5549,6,8,1990,687,3205,1,3,1,0,67,4,1,CollgCr,1.5Fin,Hip,VinylSd,Ex,Ex,N,Family,767949,116.0,5549.0,6.0,1990,1996.0,66.0,1023.0,687.0,967,1066,3205,2,3,1,4,1990.0,0,67.0
159,16751,5,9,2013,1551,2038,5,4,0,3,807,8,1,Mitchel,1Story,Gable,Wd Sdng,Ex,TA,N,Normal,746613,81.0,16751.0,5.0,2013,2032.0,389.0,1731.0,1551.0,2017,1688,2038,2,4,0,8,2013.0,3,807.0
160,14200,5,9,1970,307,2840,1,3,2,4,1003,3,3,OldTown,SLvl,Gable,VinylSd,Ex,TA,Y,Abnorml,767567,102.0,,5.0,1970,1978.0,189.0,888.0,307.0,1542,1277,2840,0,3,2,3,1970.0,4,1003.0
161,11692,7,7,1980,392,803,4,4,0,0,92,6,3,CollgCr,1.5Fin,Flat,CemntBd,Fa,Gd,Y,Normal,511794,42.0,11692.0,7.0,1980,1984.0,263.0,1320.0,392.0,505,813,803,1,4,0,6,1982.0,0,92.0
162,8597,7,4,2010,473,1863,4,4,1,2,463,10,3,OldTown,1.5Fin,Hip,Wd Sdng,Gd,Fa,Y,Partial,704515,54.0,8597.0,7.0,2010,2030.0,287.0,1606.0,,590,1197,1863,0,4,1,10,2012.0,2,463.0
163,18239,7,6,1984,2311,852,2,1,0,2,578,7,1,NAmes,SLvl,Flat,BrkFace,Fa,Gd,N,Partial,580933,86.0,18239.0,7.0,1984,1987.0,54.0,678.0,2311.0,2258,209,852,2,1,0,7,1985.0,2,578.0
164,15936,3,5,1965,1839,1308,2,2,0,1,230,7,0,Sawyer,2Story,Flat,MetalSd,TA,TA,Y,Normal,491375,79.0,,3.0,1965,1985.0,163.0,,1839.0,2267,15,1308,2,2,0,7,1967.0,1,230.0
165,16020,8,7,2016,1876,4356,1,4,0,3,698,4,0,CollgCr,1Story,Hip,CemntBd,TA,Fa,N,Family,1132212,70.0,16020.0,8.0,2016,2036.0,123.0,1757.0,1876.0,525,1047,4356,2,4,0,4,2018.0,3,698.0
166,18911,10,3,1972,1128,2250,2,4,0,3,744,5,0,Mitchel,1.5Fin,Hip,VinylSd,TA,TA,N,Partial,810764,47.0,18911.0,10.0,1972,1973.0,238.0,195.0,1128.0,1000,1356,2250,1,4,0,5,,3,744.0
167,6218,6,5,1988,1814,3770,3,3,2,3,814,5,1,Mitchel,2Story,Hip,BrkFace,TA,Ex,Y,Normal,886987,70.0,6218.0,6.0,1988,,62.0,1081.0,1814.0,594,1727,3770,0,3,2,5,1989.0,3,814.0
168,19606,9,5,2017,2329,718,2,2,0,0,63,4,3,NAmes,1.5Fin,Flat,MetalSd,TA,TA,N,Family,716553,112.0,19606.0,9.0,2017,,136.0,87.0,2329.0,1466,1719,718,1,2,0,4,2017.0,0,63.0
169,7059,3,6,1997,2002,3033,4,2,1,4,1021,8,2,OldTown,1.5Fin,Flat,VinylSd,TA,Ex,N,Normal,738660,50.0,7059.0,3.0,1997,1998.0,230.0,470.0,2002.0,1245,766,3033,2,2,1,8,1997.0,4,1021.0
170,10022,6,6,1976,1102,3268,4,1,2,0,121,7,1,NAmes,2Story,Hip,CemntBd,TA,TA,N,Family,739515,50.0,10022.0,6.0,1976,1994.0,126.0,432.0,1102.0,1284,1149,3268,2,1,2,7,1976.0,0,
171,18040,7,6,2009,1237,3373,5,4,2,0,1,11,2,Somerst,1.5Fin,Flat,VinylSd,Fa,Ex,N,Partial,946477,102.0,18040.0,7.0,2009,2020.0,72.0,1777.0,1237.0,2384,1325,3373,0,4,2,11,2010.0,0,1.0
172,13654,7,7,1988,771,1214,5,2,0,4,983,9,1,NAmes,SLvl,Hip,Wd Sdng,Fa,Fa,N,Normal,622198,48.0,13654.0,7.0,1988,1992.0,49.0,1417.0,771.0,807,1216,1214,0,2,0,9,1988.0,4,983.0
173,9223,8,6,2018,1948,4313,6,3,2,2,483,12,1,Somerst,1Story,Hip,MetalSd,TA,Gd,N,Normal,1051043,108.0,9223.0,8.0,2018,2020.0,25.0,1160.0,1948.0,866,1247,4313,0,3,2,12,2020.0,2,483.0
174,14641,6,7,2003,1357,2122,3,3,1,0,120,5,0,Mitchel,2Story,Flat,VinylSd,Fa,TA,N,Normal,688262,56.0,14641.0,6.0,2003,2012.0,148.0,973.0,1357.0,2407,578,2122,0,3,1,5,2005.0,0,120.0
175,7501,6,8,2002,2332,4257,4,2,1,1,240,9,2,OldTown,1.5Fin,Flat,VinylSd,Ex,Fa,N,Abnorml,996951,56.0,7501.0,6.0,2002,2012.0,484.0,555.0,2332.0,2466,611,4257,2,2,1,9,2003.0,1,240.0
176,8524,5,10,1961,530,3116,4,4,1,3,782,9,0,NAmes,2Story,Flat,Wd Sdng,Ex,TA,Y,Normal,751765,100.0,8524.0,5.0,1961,,196.0,95.0,530.0,2256,1401,3116,1,4,1,9,1963.0,3,782.0
177,3135,6,6,1994,1278,1128,1,4,2,4,958,4,0,NAmes,1.5Fin,Hip,BrkFace,TA,Fa,Y,Partial,574224,110.0,3135.0,6.0,1994,1999.0,442.0,152.0,1278.0,572,221,1128,0,4,2,4,1994.0,4,958.0
178,14771,6,5,2001,78,1535,2,2,0,0,150,8,1,CollgCr,1.5Fin,Flat,VinylSd,Fa,TA,Y,Normal,603738,61.0,14771.0,6.0,2001,2007.0,315.0,1401.0,78.0,1632,986,1535,0,2,0,8,2001.0,0,150.0
179,6542,3,3,1964,1707,2419,4,1,2,2,561,7,1,NAmes,1.5Fin,Hip,VinylSd,TA,Gd,N,Normal,561004,73.0,6542.0,3.0,1964,1968.0,214.0,574.0,1707.0,2144,130,2419,0,1,2,7,1965.0,2,561.0
180,6857,7,4,1963,2038,1413,5,2,1,4,931,9,3,Somerst,2Story,Gable,CemntBd,Fa,Gd,N,Partial,585800,107.0,6857.0,7.0,1963,1980.0,127.0,1112.0,2038.0,2371,688,1413,2,2,1,9,1965.0,4,931.0
181,3089,3,4,1964,2351,3340,4,2,0,4,899,6,2,Edwards,SLvl,Hip,Wd Sdng,Fa,Ex,Y,Abnorml,698404,117.0,3089.0,3.0,1964,1975.0,492.0,1154.0,2351.0,1962,566,3340,2,2,0,6,1964.0,4,899.0
182,12521,8,8,2004,474,989,1,1,0,1,304,5,3,Somerst,1Story,Hip,Wd Sdng,Gd,Ex,N,Family,598515,94.0,12521.0,8.0,2004,2020.0,443.0,1347.0,474.0,2016,1311,989,0,1,0,5,2006.0,1,304.0
183,11907,9,10,2003,683,1063,2,1,0,0,106,8,3,Mitchel,2Story,Flat,BrkFace,TA,Ex,Y,Family,649296,67.0,11907.0,9.0,2003,2019.0,461.0,67.0,683.0,1842,665,1063,2,1,0,8,,0,106.0
184,6700,9,10,1955,259,1671,6,3,0,4,1027,12,1,NridgHt,1Story,Hip,MetalSd,Fa,TA,N,Abnorml,631376,109.0,6700.0,9.0,1955,1963.0,81.0,367.0,259.0,1358,1764,1671,1,3,0,12,1955.0,4,1027.0
185,4788,3,5,2014,1922,4089,4,2,0,3,742,7,2,Somerst,1Story,Flat,MetalSd,Fa,Fa,Y,Normal,893965,65.0,4788.0,3.0,2014,2019.0,416.0,1741.0,1922.0,959,567,4089,2,2,0,7,2014.0,3,742.0
186,17555,10,4,2013,1831,1894,1,4,2,0,26,6,3,NAmes,1Story,Gable,CemntBd,TA,Gd,N,Partial,848907,79.0,17555.0,10.0,2013,2021.0,167.0,644.0,1831.0,1159,534,1894,2,4,2,6,2014.0,0,26.0
187,4778,6,10,1992,2294,3743,5,4,2,2,555,7,0,Edwards,1Story,Hip,Wd Sdng,TA,TA,Y,Normal,904476,91.0,4778.0,6.0,1992,2007.0,478.0,32.0,2294.0,1008,1343,3743,0,4,2,7,1992.0,2,555.0
188,19135,5,9,1963,1041,3102,2,2,0,3,715,7,1,NridgHt,1Story,Hip,VinylSd,Ex,Fa,N,Abnorml,788576,87.0,19135.0,5.0,1963,1972.0,295.0,424.0,1041.0,1352,1456,3102,1,2,0,7,1964.0,3,715.0
189,3142,3,9,2024,1978,4386,5,2,2,4,924,8,0,Sawyer,1.5Fin,Flat,BrkFace,Fa,Gd,N,Family,939071,96.0,3142.0,3.0,2024,2034.0,369.0,1202.0,1978.0,2375,1334,4386,2,2,2,8,2026.0,4,924.0
190,12639,10,5,1967,1690,3067,6,3,2,4,960,12,1,Edwards,2Story,Flat,Wd Sdng,TA,Gd,Y,Partial,937177,106.0,12639.0,10.0,1967,1970.0,160.0,295.0,1690.0,1975,611,3067,0,3,2,12,1969.0,4,960.0
191,6781,8,10,2024,2337,4461,6,4,2,4,953,11,0,CollgCr,1Story,Hip,MetalSd,Ex,Ex,Y,Partial,1174165,97.0,6781.0,8.0,2024,2038.0,97.0,1540.0,2337.0,1155,385,4461,1,4,2,11,2025.0,4,953.0
192,8273,7,7,1968,254,3428,3,2,2,0,91,8,0,Edwards,SLvl,Gable,CemntBd,TA,Ex,N,Family,740588,55.0,8273.0,7.0,1968,1970.0,390.0,1680.0,254.0,1055,307,3428,0,2,2,8,1969.0,0,91.0
193,13245,3,3,1982,831,3141,4,2,2,2,590,10,1,Edwards,1.5Fin,Hip,MetalSd,Ex,Gd,Y,Normal,705795,71.0,13245.0,3.0,1982,1986.0,81.0,1459.0,831.0,2191,1059,3141,0,2,2,10,1984.0,2,590.0
194,4331,9,7,2021,1082,1132,2,3,0,2,559,5,0,OldTown,1.5Fin,Flat,VinylSd,TA,Fa,N,Normal,662874,68.0,4331.0,9.0,2021,2028.0,255.0,1681.0,1082.0,659,1567,1132,2,3,0,5,2021.0,2,559.0
195,13415,6,5,2016,279,3820,5,2,1,4,1017,10,0,NridgHt,2Story,Gable,Wd Sdng,TA,TA,,Abnorml,937781,48.0,13415.0,6.0,2016,2028.0,263.0,815.0,279.0,1670,492,3820,2,2,1,10,2016.0,4,1017.0
196,18560,3,4,1994,1825,1584,6,2,0,2,537,8,3,Somerst,1.5Fin,Gable,CemntBd,TA,Fa,N,Normal,601942,83.0,18560.0,3.0,1994,2011.0,239.0,157.0,1825.0,1263,116,1584,1,2,0,8,1996.0,2,537.0
197,9308,8,4,1962,685,3767,5,1,2,0,53,8,3,CollgCr,2Story,Flat,BrkFace,Ex,Gd,,Family,850443,42.0,9308.0,,1962,1973.0,255.0,612.0,685.0,744,1649,3767,1,1,2,8,1963.0,0,53.0
198,13869,3,4,1959,222,1329,3,1,2,1,286,8,3,Mitchel,SLvl,Hip,Wd Sdng,Ex,Fa,Y,Normal,445700,115.0,13869.0,3.0,1959,1961.0,450.0,332.0,222.0,1528,1755,1329,1,1,2,8,1960.0,1,286.0
199,5072,3,4,1995,2059,1034,3,3,2,0,72,8,3,Sawyer,1Story,Hip,MetalSd,Gd,Gd,N,Partial,479129,110.0,5072.0,3.0,1995,2007.0,157.0,1154.0,2059.0,1878,1643,1034,0,3,2,8,1997.0,0,72.0
200,7721,7,8,1951,2267,4183,5,2,0,0,1,11,3,CollgCr,1.5Fin,Gable,Wd Sdng,Gd,Fa,Y,Abnorml,890489,69.0,7721.0,7.0,1951,1951.0,254.0,492.0,2267.0,2347,1658,4183,2,2,0,11,1951.0,0,1.0
201,10234,7,6,1964,742,3348,5,1,2,3,825,11,0,Somerst,1Story,Hip,VinylSd,Gd,Fa,N,Partial,754736,115.0,10234.0,7.0,1964,1972.0,11.0,1160.0,742.0,607,1228,3348,2,1,2,11,1965.0,3,825.0
202,10685,4,7,1958,792,1901,4,4,1,4,1048,8,1,NridgHt,1.5Fin,Hip,MetalSd,Ex,TA,Y,Abnorml,605024,68.0,10685.0,4.0,1958,1975.0,46.0,1709.0,792.0,867,827,1901,0,4,1,8,1958.0,4,1048.0
203,17290,7,8,1967,1358,4195,4,4,1,2,518,9,0,OldTown,1Story,Hip,MetalSd,Gd,TA,Y,Normal,958490,40.0,17290.0,7.0,1967,1970.0,483.0,1739.0,1358.0,957,1352,4195,0,4,1,9,1968.0,2,518.0
204,19619,3,9,1977,150,2859,3,4,2,1,313,8,1,Somerst,2Story,Hip,CemntBd,Ex,Fa,N,Normal,719073,,19619.0,3.0,1977,1991.0,201.0,796.0,150.0,2147,654,2859,1,4,2,8,,1,313.0
205,10827,5,5,2007,652,1333,5,2,2,3,751,7,1,Mitchel,2Story,Gable,Wd Sdng,TA,Gd,Y,Abnorml,594282,120.0,10827.0,5.0,2007,2018.0,258.0,1386.0,652.0,1556,1394,1333,2,2,2,7,2008.0,3,751.0
206,14837,9,10,2008,190,763,6,3,0,4,1042,10,2,,SLvl,Flat,BrkFace,TA,Ex,N,Family,650239,47.0,14837.0,9.0,2008,2016.0,234.0,1107.0,190.0,594,286,763,0,3,0,10,2010.0,4,1042.0
207,19920,9,8,1994,1994,3846,4,1,2,1,332,7,1,CollgCr,1.5Fin,Gable,MetalSd,Gd,Gd,N,Normal,1049356,69.0,19920.0,9.0,1994,2012.0,494.0,679.0,1994.0,2453,1477,3846,0,1,2,7,1995.0,1,332.0
208,10547,9,8,1964,1972,3365,4,4,0,4,921,9,0,Edwards,1Story,Gable,CemntBd,Gd,Gd,Y,Abnorml,907966,48.0,10547.0,9.0,1964,1976.0,123.0,786.0,1972.0,1321,52,3365,1,4,0,9,1966.0,4,921.0
209,8450,7,5,2016,1660,3054,5,1,2,2,461,8,3,Mitchel,SLvl,Gable,MetalSd,Fa,Gd,Y,Partial,859071,44.0,8450.0,7.0,2016,2036.0,110.0,1547.0,1660.0,641,1342,3054,1,1,2,8,2018.0,2,461.0
210,14228,10,4,1979,1549,2178,2,1,0,1,353,8,3,OldTown,1Story,Gable,BrkFace,Ex,Ex,Y,Family,802356,82.0,14228.0,10.0,1979,1990.0,298.0,1514.0,1549.0,2296,1018,2178,1,1,0,8,1980.0,1,353.0
211,7270,3,9,2016,1723,2117,1,4,0,3,757,5,0,Sawyer,2Story,Hip,BrkFace,Gd,Ex,N,Family,664660,49.0,7270.0,3.0,2016,2019.0,180.0,286.0,1723.0,1452,605,2117,1,4,0,5,2016.0,3,757.0
212,9193,3,3,2023,2140,1082,5,1,1,1,396,9,3,NridgHt,1Story,Gable,BrkFace,TA,TA,N,Partial,545398,105.0,9193.0,3.0,2023,2030.0,24.0,1618.0,2140.0,2273,531,1082,2,1,1,9,2025.0,1,396.0
213,12029,9,6,2002,2261,3810,5,4,0,2,583,11,3,Somerst,1.5Fin,Flat,Wd Sdng,Fa,Gd,Y,Abnorml,1064377,70.0,12029.0,9.0,2002,2017.0,25.0,1411.0,2261.0,1078,857,3810,2,4,0,11,2002.0,2,583.0
214,8301,4,6,2015,1640,3819,3,1,0,3,822,5,0,OldTown,SLvl,Flat,BrkFace,Ex,Ex,N,Abnorml,857789,75.0,8301.0,4.0,2015,2015.0,144.0,1483.0,1640.0,2084,828,3819,1,1,0,5,2017.0,3,822.0
215,5622,3,9,2001,2134,1773,6,1,0,3,772,8,1,Somerst,2Story,Gable,CemntBd,Gd,Gd,Y,Partial,592661,102.0,5622.0,3.0,2001,,253.0,160.0,2134.0,2230,795,1773,2,1,0,8,2002.0,3,772.0
216,3009,5,4,1985,1636,2046,6,4,1,4,931,12,0,CollgCr,1Story,Flat,Wd Sdng,TA,TA,N,Abnorml,634572,67.0,3009.0,5.0,1985,2002.0,305.0,1025.0,1636.0,1136,1508,2046,2,4,1,12,1986.0,4,931.0
217,9374,10,9,2023,19,1669,2,4,2,0,143,4,2,,1Story,Flat,Wd Sdng,TA,Fa,N,Family,736532,109.0,9374.0,10.0,2023,2033.0,,1526.0,19.0,1170,72,1669,0,4,2,4,2025.0,0,143.0
218,14130,10,10,1953,1974,1076,3,1,1,1,393,6,2,Sawyer,1.5Fin,Flat,CemntBd,Ex,TA,Y,Partial,625485,56.0,14130.0,10.0,1953,1972.0,,708.0,1974.0,676,1194,1076,2,1,1,6,1954.0,1,393.0
219,16072,8,4,2020,731,2551,3,3,0,4,948,6,1,Mitchel,2Story,Gable,MetalSd,TA,Gd,Y,Abnorml,866501,113.0,16072.0,8.0,2020,2027.0,334.0,109.0,731.0,1632,1450,2551,2,3,0,6,2021.0,4,948.0
220,14666,5,4,1965,321,3368,6,4,2,0,138,8,3,NridgHt,1.5Fin,Hip,CemntBd,,Fa,Y,Partial,761466,113.0,14666.0,5.0,1965,1985.0,344.0,200.0,321.0,1435,1171,3368,1,4,2,8,1967.0,0,138.0
221,10277,5,3,2017,1733,2559,5,1,2,2,540,8,3,CollgCr,SLvl,Hip,VinylSd,Ex,Gd,N,Normal,750324,100.0,,5.0,2017,2019.0,240.0,895.0,1733.0,516,1671,2559,1,1,2,8,2019.0,2,540.0
222,14848,7,5,2020,1076,1571,3,4,2,2,533,6,3,Sawyer,2Story,Hip,Wd Sdng,TA,Fa,N,Family,722057,71.0,14848.0,7.0,2020,2040.0,146.0,475.0,1076.0,1255,388,1571,1,4,2,6,2020.0,2,533.0
223,7297,6,4,1984,965,2874,4,4,0,1,258,9,0,OldTown,SLvl,Hip,MetalSd,TA,Fa,N,Partial,717477,100.0,7297.0,6.0,1984,1998.0,274.0,1717.0,965.0,910,702,2874,0,4,0,9,1984.0,1,258.0
224,4563,9,4,1970,245,1482,3,4,2,0,115,7,2,NridgHt,1.5Fin,Flat,CemntBd,TA,TA,Y,Family,554738,,4563.0,9.0,1970,1979.0,4.0,155.0,245.0,1097,1487,1482,0,4,2,7,1972.0,0,115.0
225,14504,6,5,1986,1454,1931,6,4,2,3,680,11,2,Mitchel,2Story,Gable,Wd Sdng,Fa,Fa,Y,Normal,708050,64.0,14504.0,6.0,1986,2006.0,,,1454.0,1654,1460,1931,1,4,2,11,1986.0,3,680.0
226,14259,6,8,1990,1193,3509,3,4,1,3,752,9,3,Sawyer,2Story,Gable,VinylSd,,Gd,N,Normal,902189,52.0,,6.0,1990,2003.0,55.0,1239.0,1193.0,2106,455,3509,0,4,1,9,1991.0,3,752.0
227,8469,9,4,1962,261,4437,4,1,0,3,794,6,0,Somerst,2Story,Gable,BrkFace,TA,Gd,Y,Partial,924031,52.0,8469.0,9.0,1962,1965.0,220.0,1574.0,261.0,1122,1405,4437,0,1,0,6,1963.0,3,794.0
228,7142,5,5,1953,143,3317,3,3,1,3,798,7,3,OldTown,2Story,Flat,CemntBd,Fa,Fa,N,Partial,700862,95.0,7142.0,5.0,1953,1957.0,68.0,1257.0,143.0,2014,1094,3317,2,3,1,7,1954.0,3,798.0
229,10442,4,10,1989,1498,2288,3,2,1,0,0,9,1,NridgHt,1.5Fin,Hip,CemntBd,Ex,Fa,N,Partial,616440,,10442.0,4.0,1989,1990.0,451.0,1219.0,1498.0,1775,1307,2288,2,2,1,9,1991.0,0,0.0
230,17104,7,6,1950,2245,2130,2,4,2,3,761,5,1,Sawyer,SLvl,Gable,Wd Sdng,Ex,Fa,Y,Partial,740455,94.0,17104.0,7.0,1950,1951.0,135.0,812.0,2245.0,996,1607,2130,2,4,2,5,1951.0,3,761.0
231,11808,9,6,1958,747,1159,3,1,2,3,818,8,2,,2Story,Hip,VinylSd,Gd,Ex,Y,Abnorml,570175,92.0,11808.0,9.0,1958,1967.0,372.0,1584.0,747.0,1450,974,1159,1,1,2,8,1959.0,3,818.0
232,12244,7,5,2006,33,1553,1,2,0,3,715,5,3,Somerst,SLvl,Hip,BrkFace,Ex,TA,Y,Abnorml,635451,99.0,12244.0,7.0,2006,2021.0,187.0,668.0,33.0,1254,1375,1553,1,2,0,5,2006.0,3,715.0
233,11732,9,4,2019,1925,1343,2,3,1,0,31,5,3,Mitchel,2Story,Flat,VinylSd,Gd,Fa,Y,Abnorml,746114,46.0,11732.0,9.0,2019,2022.0,391.0,60.0,1925.0,1711,734,1343,1,3,1,5,2021.0,0,31.0
234,15750,7,8,1970,172,3650,5,1,1,3,823,9,1,NridgHt,1Story,Flat,MetalSd,Ex,Gd,N,Partial,822507,52.0,15750.0,,1970,1973.0,206.0,1298.0,172.0,2490,1038,3650,0,1,1,9,1972.0,3,823.0
235,8484,7,4,2000,995,636,1,4,2,4,919,5,0,Edwards,2Story,Hip,VinylSd,,Ex,Y,Partial,573291,47.0,8484.0,7.0,2000,2007.0,,559.0,995.0,1510,614,636,2,4,2,5,2001.0,4,919.0
236,8043,4,5,2012,953,1897,5,3,1,1,225,10,2,OldTown,1.5Fin,Gable,BrkFace,,TA,N,Abnorml,618992,91.0,8043.0,4.0,2012,2029.0,23.0,1604.0,953.0,2082,1731,1897,2,3,1,10,2014.0,1,225.0
237,9115,8,8,2009,1127,4153,5,2,0,4,919,10,2,Somerst,1.5Fin,Hip,VinylSd,Fa,Gd,Y,Partial,1053340,83.0,9115.0,8.0,2009,2013.0,205.0,922.0,1127.0,2089,348,4153,1,2,0,10,2009.0,4,919.0
238,10824,8,4,2018,1587,1377,5,4,2,1,376,9,2,Sawyer,1.5Fin,Gable,VinylSd,Ex,Ex,Y,Abnorml,694178,53.0,10824.0,8.0,2018,2030.0,26.0,1004.0,1587.0,900,1721,1377,1,4,2,9,2018.0,1,376.0
239,9621,4,10,1974,404,730,5,4,2,3,794,11,2,NAmes,1.5Fin,Gable,CemntBd,Ex,Ex,Y,Family,445906,,9621.0,,1974,1988.0,291.0,467.0,404.0,2000,1346,730,1,4,2,11,1976.0,3,794.0
240,18337,3,8,2021,1703,3967,3,1,2,2,575,5,0,Somerst,1Story,Gable,CemntBd,Ex,Ex,Y,Family,930883,64.0,18337.0,3.0,2021,2032.0,287.0,728.0,1703.0,2344,1795,3967,1,1,2,5,2022.0,2,575.0
241,9328,6,5,2021,2286,2300,6,1,2,4,971,11,3,CollgCr,2Story,Gable,CemntBd,Fa,TA,Y,Family,815867,64.0,9328.0,6.0,2021,2038.0,99.0,1132.0,2286.0,1619,1143,2300,1,1,2,11,2023.0,4,971.0
242,13326,8,8,2002,1763,3983,6,3,2,1,364,12,1,Sawyer,1.5Fin,Hip,BrkFace,Fa,Fa,Y,Normal,1017864,108.0,13326.0,8.0,2002,2015.0,185.0,768.0,1763.0,2057,370,3983,1,3,2,12,2002.0,1,364.0
243,3534,5,7,1950,1230,1508,2,3,0,2,581,8,1,CollgCr,1Story,Hip,Wd Sdng,Gd,Gd,N,Partial,480366,97.0,3534.0,5.0,1950,1968.0,283.0,884.0,1230.0,2130,601,1508,1,3,0,8,1951.0,2,581.0
244,11187,6,7,1988,376,2936,4,2,2,0,83,9,1,Mitchel,1Story,Flat,Wd Sdng,,Fa,Y,Normal,731916,57.0,11187.0,6.0,1988,1992.0,147.0,380.0,376.0,1002,199,2936,2,2,2,9,1990.0,0,83.0
245,14400,9,9,1965,928,3662,6,1,2,3,673,10,0,NridgHt,2Story,Hip,CemntBd,Gd,Gd,Y,Family,926523,94.0,14400.0,9.0,1965,1978.0,37.0,1392.0,928.0,808,964,3662,0,1,2,10,1965.0,3,673.0
246,19538,4,6,2005,1186,3820,4,2,0,2,461,9,0,Sawyer,1.5Fin,Gable,BrkFace,Fa,Gd,Y,Family,916792,63.0,19538.0,4.0,2005,2025.0,197.0,1199.0,1186.0,513,262,3820,0,2,0,9,2007.0,2,
247,9491,10,9,2023,803,2898,5,2,0,0,68,10,2,CollgCr,1Story,Flat,BrkFace,Fa,TA,N,Abnorml,891230,75.0,9491.0,10.0,2023,2026.0,258.0,1353.0,803.0,2409,1517,2898,2,2,0,10,2025.0,0,
248,14289,3,7,1971,1432,3124,4,2,1,0,59,7,2,OldTown,1Story,Gable,VinylSd,Gd,Gd,N,Normal,695030,99.0,14289.0,3.0,1971,1986.0,230.0,778.0,1432.0,1339,529,3124,2,2,1,7,1972.0,0,59.0
249,6646,7,10,2010,93,1959,2,2,0,4,1013,6,3,OldTown,1Story,Hip,CemntBd,,TA,Y,Normal,711824,71.0,6646.0,7.0,2010,2029.0,391.0,175.0,93.0,548,1485,1959,0,2,0,6,2010.0,4,1013.0
250,9576,7,3,2009,34,872,4,3,2,2,467,6,2,Sawyer,2Story,Hip,CemntBd,Ex,TA,N,Normal,522703,49.0,9576.0,7.0,2009,2022.0,281.0,1581.0,34.0,977,1655,872,1,3,2,6,2011.0,2,467.0
251,9516,10,3,1955,1013,4377,5,3,1,3,760,8,0,NridgHt,1.5Fin,Hip,Wd Sdng,Gd,TA,Y,Partial,976164,,9516.0,10.0,1955,,143.0,1266.0,1013.0,1609,1144,4377,0,3,1,8,1957.0,3,760.0
252,3965,7,6,1969,1399,4274,4,2,0,3,793,10,1,Sawyer,2Story,Flat,MetalSd,Fa,TA,N,Family,899370,110.0,3965.0,7.0,1969,1970.0,422.0,604.0,1399.0,1209,1562,4274,2,2,0,10,1970.0,3,793.0
253,7317,6,5,2024,2217,3401,2,2,1,4,914,7,1,OldTown,1.5Fin,Gable,CemntBd,Ex,Gd,N,Abnorml,939466,52.0,7317.0,6.0,2024,2035.0,319.0,,2217.0,1802,374,3401,0,2,1,7,2026.0,4,914.0
254,3966,8,9,2002,1242,2414,6,3,0,1,247,9,1,,1.5Fin,Flat,CemntBd,Gd,Gd,Y,Normal,759090,46.0,3966.0,8.0,2002,2008.0,348.0,504.0,1242.0,2219,1392,2414,1,3,0,9,2002.0,1,247.0
255,5604,10,5,2014,2476,2520,6,3,0,3,785,11,1,OldTown,2Story,Gable,VinylSd,Fa,Ex,,Family,876469,109.0,5604.0,10.0,2014,2028.0,312.0,1460.0,2476.0,1920,687,2520,2,3,0,11,2016.0,3,785.0
256,9646,6,4,1972,1799,4151,5,4,2,2,557,8,3,Sawyer,1Story,Flat,BrkFace,TA,Fa,Y,Normal,942157,41.0,9646.0,6.0,1972,1986.0,60.0,150.0,1799.0,2296,1340,4151,2,4,2,8,1973.0,2,557.0
257,17971,3,6,2016,2203,2220,6,1,2,3,792,8,1,Somerst,SLvl,Hip,Wd Sdng,TA,Fa,Y,Family,744426,51.0,17971.0,3.0,2016,2023.0,65.0,168.0,2203.0,519,182,2220,0,1,2,8,2017.0,3,792.0
258,4787,5,10,2007,370,3559,5,1,0,4,1058,11,1,Sawyer,SLvl,Hip,BrkFace,Ex,Gd,N,Abnorml,817150,70.0,4787.0,5.0,2007,2018.0,499.0,548.0,,2447,455,3559,2,1,0,11,2008.0,4,1058.0
259,5955,7,8,1970,506,973,1,4,2,2,461,7,3,OldTown,SLvl,Flat,BrkFace,Ex,Gd,N,Abnorml,500824,61.0,5955.0,7.0,1970,1973.0,49.0,315.0,506.0,1186,727,973,0,4,2,7,1972.0,2,461.0
260,7738,5,3,2003,1261,1867,6,4,1,1,250,9,1,NAmes,1.5Fin,Gable,BrkFace,Fa,Fa,Y,Family,618592,92.0,7738.0,5.0,2003,2014.0,201.0,778.0,1261.0,502,457,1867,0,4,1,9,2004.0,1,250.0
261,10106,10,10,2002,1809,925,5,1,0,4,951,11,1,NAmes,2Story,Gable,VinylSd,TA,Ex,Y,Normal,728263,102.0,10106.0,10.0,2002,2019.0,191.0,1457.0,1809.0,2054,1524,925,2,1,0,11,2002.0,4,951.0
262,12779,8,4,1956,446,2307,2,2,2,2,596,8,1,Mitchel,1.5Fin,Gable,VinylSd,TA,TA,N,Family,637358,101.0,12779.0,8.0,1956,1976.0,406.0,1605.0,446.0,1846,1784,2307,2,2,2,8,1956.0,2,596.0
263,17002,4,7,2010,551,1099,6,3,1,4,985,12,1,Edwards,1Story,Gable,CemntBd,Ex,Fa,N,Family,600078,67.0,17002.0,4.0,2010,2021.0,173.0,1298.0,551.0,1270,628,1099,0,3,1,12,2012.0,4,985.0
264,13370,7,8,1966,2304,2633,5,4,1,1,376,8,2,Edwards,1Story,Gable,VinylSd,Fa,Ex,Y,Family,808754,91.0,13370.0,7.0,1966,1967.0,285.0,315.0,2304.0,2238,861,2633,2,4,1,8,1968.0,1,376.0
265,4490,8,8,2021,869,646,6,2,2,2,505,8,2,Somerst,1.5Fin,Gable,VinylSd,TA,TA,N,Normal,555185,47.0,4490.0,8.0,2021,2033.0,480.0,1514.0,869.0,2011,1614,646,2,2,2,8,2021.0,2,505.0
266,9357,8,8,2011,1943,3865,1,2,1,1,380,6,2,Mitchel,SLvl,Flat,VinylSd,TA,TA,Y,Abnorml,1016587,61.0,9357.0,8.0,2011,2019.0,187.0,797.0,1943.0,1989,678,3865,1,2,1,6,2011.0,1,380.0
267,13869,8,4,1969,1148,4043,1,3,1,4,922,7,3,OldTown,1Story,Hip,Wd Sdng,Ex,TA,N,Normal,975328,88.0,13869.0,8.0,1969,1975.0,386.0,648.0,1148.0,1129,761,4043,2,3,1,7,1969.0,4,922.0
268,10787,8,10,1988,885,2750,3,2,0,2,449,6,0,Mitchel,1Story,Hip,CemntBd,Gd,Gd,N,Family,811098,40.0,10787.0,8.0,1988,1991.0,73.0,738.0,885.0,712,533,2750,0,2,0,6,1988.0,2,449.0
269,13169,8,5,1962,2114,3371,2,2,2,0,117,7,0,NAmes,1.5Fin,Gable,CemntBd,Ex,TA,N,Normal,811880,89.0,13169.0,8.0,1962,1976.0,101.0,218.0,2114.0,920,1199,3371,0,2,2,7,1962.0,0,117.0
270,13239,3,7,1976,1314,1421,2,3,1,4,961,7,0,Somerst,2Story,Gable,Wd Sdng,Ex,Ex,Y,Abnorml,559299,73.0,13239.0,3.0,1976,1978.0,308.0,,1314.0,1585,602,1421,2,3,1,7,,4,961.0
271,14479,8,7,1968,1160,2951,2,2,0,2,596,6,3,NAmes,2Story,Gable,BrkFace,Ex,Ex,N,Normal,797637,98.0,,8.0,1968,1974.0,260.0,10.0,1160.0,987,949,2951,1,2,0,6,1968.0,2,596.0
272,16974,9,5,2007,1456,1879,3,2,2,4,900,8,1,CollgCr,SLvl,Gable,BrkFace,TA,Fa,N,Abnorml,802550,76.0,16974.0,9.0,2007,2027.0,205.0,,1456.0,1359,1743,1879,2,2,2,8,2008.0,4,
273,7709,7,8,2000,751,3465,6,3,1,3,784,8,0,Mitchel,1Story,Hip,BrkFace,Fa,Gd,N,Partial,876951,94.0,7709.0,7.0,2000,2020.0,256.0,910.0,751.0,1507,241,3465,2,3,1,8,2000.0,3,784.0
274,7174,4,9,1963,1334,2877,6,1,1,4,998,11,3,Edwards,2Story,Flat,MetalSd,Fa,Fa,Y,Partial,692021,111.0,7174.0,4.0,1963,,20.0,737.0,,2468,963,2877,1,1,1,11,1963.0,4,998.0
275,17127,9,8,2019,967,1308,6,1,2,4,1004,8,3,NridgHt,1Story,Hip,MetalSd,TA,Fa,Y,Normal,805692,102.0,17127.0,9.0,2019,2019.0,,1559.0,967.0,622,109,1308,2,1,2,8,2019.0,4,1004.0
276,15416,8,10,1957,370,1491,2,1,0,1,335,8,2,Sawyer,SLvl,Gable,MetalSd,TA,TA,N,Family,607007,59.0,15416.0,8.0,1957,1958.0,19.0,552.0,370.0,2491,1774,1491,0,1,0,8,1959.0,1,335.0
277,14280,4,3,2015,1655,4071,2,3,0,2,580,4,0,NridgHt,1Story,Hip,VinylSd,Gd,Fa,N,Partial,939771,64.0,14280.0,4.0,2015,,70.0,209.0,1655.0,791,1299,4071,1,3,0,4,2017.0,2,580.0
278,15543,9,9,2005,2232,1465,6,2,1,1,268,12,3,NridgHt,SLvl,Gable,Wd Sdng,Gd,Gd,Y,Normal,807670,77.0,15543.0,9.0,2005,2012.0,365.0,271.0,2232.0,1957,1195,1465,1,2,1,12,2006.0,1,268.0
279,3514,5,10,2005,556,946,2,4,1,4,988,8,1,Mitchel,SLvl,Flat,BrkFace,Fa,TA,Y,Abnorml,544901,67.0,3514.0,5.0,2005,2009.0,170.0,178.0,556.0,1073,1188,946,0,4,1,8,2007.0,4,988.0
280,3243,10,6,2014,1102,2282,5,3,0,0,145,10,2,CollgCr,SLvl,Flat,VinylSd,Gd,TA,N,Normal,782366,47.0,3243.0,10.0,2014,2032.0,411.0,383.0,1102.0,690,1271,2282,2,3,0,10,2015.0,0,145.0
281,5898,6,10,1959,2208,3869,5,3,2,0,87,11,0,Mitchel,SLvl,Flat,BrkFace,TA,Fa,N,Partial,823101,114.0,5898.0,6.0,1959,1965.0,242.0,882.0,2208.0,589,145,3869,2,3,2,11,1961.0,0,87.0
282,8488,3,7,2022,1066,851,6,4,2,1,366,8,2,NAmes,1.5Fin,Hip,VinylSd,Gd,Ex,N,Partial,487644,,8488.0,3.0,2022,2024.0,265.0,919.0,1066.0,2386,967,851,1,4,2,8,2024.0,1,366.0
283,12206,7,7,1951,456,3073,2,2,2,3,754,5,2,Edwards,SLvl,Gable,CemntBd,Ex,TA,Y,Abnorml,776785,47.0,12206.0,7.0,1951,1968.0,233.0,1140.0,456.0,974,398,3073,0,2,2,5,1953.0,3,754.0
284,8051,10,9,1999,974,3306,4,2,0,4,968,6,2,CollgCr,1Story,Gable,BrkFace,Fa,Fa,N,Family,970215,80.0,8051.0,10.0,1999,2005.0,76.0,1136.0,974.0,2337,1024,3306,1,2,0,6,2001.0,4,968.0
285,10656,9,9,2010,1075,1194,5,4,0,2,554,10,2,NAmes,1Story,Flat,Wd Sdng,Fa,TA,N,Partial,695344,47.0,,9.0,2010,,310.0,1049.0,1075.0,2231,245,1194,2,4,0,10,2011.0,2,554.0
286,6220,7,9,2009,990,3607,6,2,2,2,613,9,2,NAmes,1Story,Gable,VinylSd,,Ex,Y,Family,910046,46.0,6220.0,7.0,2009,2015.0,457.0,835.0,990.0,1564,1776,3607,2,2,2,9,2009.0,2,613.0
287,10189,7,7,1974,139,697,5,1,0,4,1048,8,0,CollgCr,1Story,Flat,MetalSd,Fa,Gd,Y,Abnorml,467441,114.0,10189.0,7.0,1974,1981.0,263.0,211.0,139.0,1345,1394,697,0,1,0,8,1975.0,4,1048.0
288,12652,10,4,2008,1132,3751,4,3,1,1,238,8,0,Sawyer,SLvl,Hip,VinylSd,TA,TA,Y,Family,979600,101.0,12652.0,10.0,2008,2018.0,71.0,53.0,1132.0,1935,781,3751,1,3,1,8,2008.0,1,238.0
289,19112,6,9,1972,2015,1044,2,4,0,4,1044,4,3,Somerst,1Story,Gable,VinylSd,Ex,TA,N,Normal,664694,104.0,19112.0,6.0,1972,1976.0,167.0,183.0,2015.0,2334,1085,1044,1,4,0,4,1974.0,4,1044.0
290,7877,3,3,1999,1091,1220,6,3,1,4,880,12,3,Mitchel,SLvl,Hip,VinylSd,Gd,Ex,N,Family,497990,107.0,7877.0,3.0,1999,2018.0,476.0,724.0,1091.0,1262,611,1220,2,3,1,12,2001.0,4,880.0
291,14761,8,7,2001,226,3189,6,1,1,4,967,8,3,Somerst,2Story,Gable,CemntBd,Ex,Fa,Y,Partial,926561,60.0,14761.0,8.0,2001,2001.0,313.0,1135.0,226.0,1438,846,3189,0,1,1,8,2001.0,4,967.0
292,15782,4,8,2012,347,4225,6,4,2,1,255,8,1,NAmes,2Story,Hip,BrkFace,Ex,TA,N,Family,907512,47.0,15782.0,4.0,2012,2020.0,163.0,190.0,347.0,2495,110,4225,2,4,2,8,2012.0,1,255.0
293,4213,8,3,1993,175,2260,1,2,2,4,997,7,1,Edwards,1Story,Gable,MetalSd,Fa,Ex,N,Normal,667907,105.0,4213.0,8.0,1993,1997.0,83.0,1222.0,175.0,2031,1783,2260,0,2,2,7,1993.0,4,997.0
294,7277,3,5,1956,1258,3961,1,4,2,1,371,3,0,CollgCr,SLvl,Flat,CemntBd,Gd,Ex,Y,Family,743920,50.0,7277.0,3.0,1956,1960.0,201.0,1224.0,1258.0,673,1749,3961,2,4,2,3,1958.0,1,371.0
295,16173,8,4,2023,2235,1162,3,2,0,4,924,7,0,CollgCr,1.5Fin,Gable,BrkFace,Gd,TA,Y,Family,740070,63.0,16173.0,8.0,2023,2040.0,315.0,1606.0,2235.0,1689,308,1162,2,2,0,7,2024.0,4,924.0
296,4333,5,4,1998,646,664,4,1,0,0,45,6,2,Sawyer,SLvl,Flat,MetalSd,Gd,Gd,N,Family,387690,48.0,4333.0,5.0,1998,2006.0,378.0,664.0,646.0,695,281,664,0,1,0,6,1998.0,0,45.0
297,10839,5,3,1973,2047,3106,1,3,1,3,661,7,1,Edwards,1Story,Flat,VinylSd,TA,Gd,N,Abnorml,760914,116.0,10839.0,,1973,1978.0,431.0,1768.0,2047.0,1535,410,3106,2,3,1,7,1974.0,3,661.0
298,4738,6,4,1969,1943,2637,2,2,2,0,13,6,2,Edwards,SLvl,Hip,Wd Sdng,Fa,Ex,Y,Normal,684289,48.0,4738.0,6.0,1969,1972.0,153.0,788.0,1943.0,773,701,2637,0,2,2,6,1971.0,0,13.0
299,8763,5,3,2012,2109,1075,1,2,2,3,811,7,2,Sawyer,2Story,Flat,Wd Sdng,Gd,Ex,N,Abnorml,566419,70.0,8763.0,5.0,2012,2012.0,303.0,25.0,2109.0,1805,838,1075,1,2,2,7,2012.0,3,811.0
300,10769,9,6,1998,903,901,4,4,0,3,697,7,3,OldTown,SLvl,Hip,MetalSd,Fa,Gd,N,Partial,633991,91.0,10769.0,9.0,1998,2002.0,172.0,597.0,903.0,2179,1166,901,0,4,0,7,1999.0,3,697.0
301,14006,5,3,2022,244,1749,2,1,1,3,767,5,2,Edwards,1.5Fin,Flat,MetalSd,Gd,Gd,Y,Family,661250,55.0,14006.0,,2022,2022.0,259.0,847.0,,1307,937,1749,0,1,1,5,2024.0,3,767.0
302,19030,6,10,2009,1143,659,6,4,2,1,283,10,3,Edwards,2Story,Flat,VinylSd,Fa,Ex,Y,Family,659534,112.0,19030.0,6.0,2009,2020.0,424.0,794.0,1143.0,653,293,659,2,4,2,10,2011.0,1,283.0
303,19522,3,9,2017,1615,2563,6,1,1,3,721,8,0,Sawyer,2Story,Gable,Wd Sdng,TA,Gd,Y,Normal,792260,71.0,19522.0,3.0,2017,2024.0,260.0,1595.0,1615.0,1712,647,2563,2,1,1,8,2018.0,3,721.0
304,12988,5,10,2023,2390,699,4,4,0,3,707,8,3,NAmes,1Story,Hip,Wd Sdng,Ex,TA,N,Partial,672605,114.0,12988.0,5.0,2023,2041.0,272.0,173.0,2390.0,1662,1766,699,2,4,0,8,2024.0,3,707.0
305,9787,4,8,1957,2108,4472,6,3,0,0,98,10,3,NAmes,1.5Fin,Hip,MetalSd,Ex,Gd,Y,Partial,881381,116.0,9787.0,4.0,1957,1967.0,250.0,1484.0,2108.0,627,1465,4472,0,3,0,10,1959.0,0,98.0
306,6721,10,6,1978,1312,2044,3,4,1,0,16,7,2,Mitchel,SLvl,Flat,CemntBd,Ex,Fa,N,Family,736620,45.0,6721.0,10.0,1978,1978.0,362.0,1145.0,1312.0,1390,369,2044,2,4,1,7,,0,16.0
307,15063,4,6,2008,357,928,4,2,1,0,27,7,2,CollgCr,2Story,Hip,MetalSd,Gd,Ex,N,Family,507354,119.0,15063.0,4.0,2008,2013.0,288.0,497.0,357.0,1856,1595,928,2,2,1,7,2010.0,0,27.0
308,7326,10,8,2003,1818,3621,6,1,1,1,236,8,1,NridgHt,SLvl,Flat,Wd Sdng,TA,Fa,N,Family,955434,50.0,7326.0,10.0,2003,2011.0,153.0,1171.0,1818.0,2474,165,3621,1,1,1,8,2004.0,1,236.0
309,7323,7,5,1983,928,2583,3,3,0,1,310,7,3,OldTown,2Story,Flat,CemntBd,TA,Gd,Y,Abnorml,712345,93.0,7323.0,7.0,1983,1984.0,243.0,1067.0,928.0,767,998,2583,1,3,0,7,1985.0,1,310.0
310,10795,4,3,1990,2353,1118,4,3,1,1,272,10,0,NridgHt,1.5Fin,Gable,Wd Sdng,Fa,Gd,N,Normal,489918,114.0,10795.0,4.0,1990,1994.0,417.0,347.0,2353.0,984,681,1118,0,3,1,10,1990.0,1,272.0
311,16256,10,5,2008,1311,1239,1,3,2,2,561,5,1,Mitchel,1.5Fin,Flat,VinylSd,Fa,Ex,Y,Normal,749691,112.0,16256.0,10.0,2008,2021.0,8.0,1403.0,1311.0,1097,1292,1239,0,3,2,5,2010.0,2,561.0
312,3812,9,6,2007,1463,978,3,1,2,1,369,9,1,Somerst,2Story,Gable,VinylSd,Fa,Ex,N,Abnorml,592180,106.0,3812.0,9.0,2007,2023.0,188.0,779.0,1463.0,1034,362,978,1,1,2,9,2007.0,1,369.0
313,13412,3,8,2000,605,3532,4,3,1,2,443,8,2,NridgHt,1.5Fin,Hip,CemntBd,Ex,Gd,N,Family,807486,80.0,13412.0,3.0,2000,2003.0,169.0,347.0,605.0,2242,641,3532,0,3,1,8,2001.0,2,443.0
314,12457,5,9,2003,571,4022,5,1,0,1,297,10,2,CollgCr,SLvl,Gable,VinylSd,Fa,TA,N,Abnorml,892192,73.0,12457.0,5.0,2003,2005.0,344.0,284.0,571.0,1145,1299,4022,0,1,0,10,2003.0,1,297.0
315,18142,5,6,1973,1563,1785,5,4,0,2,589,9,3,Mitchel,2Story,Gable,VinylSd,Gd,TA,N,Family,645295,66.0,18142.0,5.0,1973,1988.0,56.0,550.0,1563.0,2396,118,1785,1,4,0,9,1973.0,2,
316,12426,9,5,2012,1002,716,1,3,1,0,153,5,3,Sawyer,1.5Fin,Flat,BrkFace,Ex,TA,Y,Partial,614818,80.0,12426.0,9.0,2012,2026.0,213.0,616.0,1002.0,2140,9,716,1,3,1,5,2014.0,0,153.0
317,4917,5,8,2009,554,2063,2,1,1,2,547,6,0,Somerst,1.5Fin,Flat,VinylSd,Gd,Gd,Y,Abnorml,630284,70.0,4917.0,5.0,2009,2020.0,298.0,549.0,554.0,1304,925,2063,0,1,1,6,2009.0,2,547.0
318,13571,8,7,1984,1484,992,5,3,0,0,35,11,2,NridgHt,SLvl,Hip,Wd Sdng,Gd,Ex,Y,Abnorml,617595,73.0,13571.0,8.0,1984,2000.0,157.0,1009.0,1484.0,1935,560,992,0,3,0,11,1984.0,0,35.0
319,10245,6,4,2003,1886,4352,1,1,0,0,122,5,2,NridgHt,2Story,Hip,CemntBd,TA,Gd,N,Normal,964908,90.0,10245.0,6.0,2003,2021.0,407.0,298.0,1886.0,2203,428,4352,2,1,0,5,2005.0,0,122.0
320,6886,6,5,1968,928,1859,2,2,0,0,108,4,0,,SLvl,Hip,VinylSd,Gd,Ex,Y,Normal,545017,56.0,6886.0,6.0,1968,1971.0,460.0,129.0,928.0,2006,1558,1859,0,2,0,4,1968.0,0,108.0
321,6896,7,3,1958,1235,3334,1,1,0,4,932,7,1,OldTown,1.5Fin,Gable,VinylSd,Gd,TA,N,Partial,740603,78.0,6896.0,7.0,1958,1972.0,371.0,342.0,1235.0,1168,1584,3334,2,1,0,7,1960.0,4,932.0
322,19404,6,4,1962,2368,3726,1,2,2,1,292,4,0,CollgCr,2Story,Flat,BrkFace,TA,Gd,N,Normal,862876,98.0,19404.0,6.0,1962,1978.0,446.0,890.0,2368.0,1151,345,3726,1,2,2,4,1963.0,1,292.0
323,14626,9,9,1977,2106,1532,4,1,1,0,119,6,1,Mitchel,1.5Fin,Flat,Wd Sdng,Ex,Ex,N,Family,667489,80.0,14626.0,9.0,1977,1984.0,,565.0,2106.0,1427,1180,1532,1,1,1,6,1977.0,0,119.0
324,15608,7,10,1989,1818,1525,5,4,1,3,708,7,3,NridgHt,2Story,Gable,BrkFace,Ex,Fa,N,Normal,721291,49.0,15608.0,7.0,1989,2008.0,,862.0,1818.0,1056,1565,1525,1,4,1,7,1989.0,3,708.0
325,7697,9,9,1963,691,865,3,2,1,1,372,8,0,Edwards,SLvl,Flat,BrkFace,TA,TA,N,Partial,508750,41.0,7697.0,9.0,1963,1964.0,13.0,613.0,691.0,978,324,865,1,2,1,8,1965.0,1,372.0
326,16252,10,7,1968,1862,1042,1,3,1,3,719,4,0,CollgCr,1Story,Gable,BrkFace,Ex,Gd,N,Partial,659131,98.0,16252.0,10.0,1968,1984.0,305.0,991.0,1862.0,652,1002,1042,0,3,1,4,1970.0,3,719.0
327,12920,4,4,2016,2016,3847,4,2,1,3,785,10,2,NridgHt,1Story,Gable,BrkFace,Ex,Fa,N,Partial,923183,119.0,12920.0,4.0,2016,2025.0,242.0,1602.0,2016.0,2432,1608,3847,0,2,1,10,2016.0,3,785.0
328,17501,10,3,1954,724,2880,6,3,2,1,345,11,1,Somerst,SLvl,Hip,VinylSd,Fa,Fa,N,Abnorml,812352,112.0,17501.0,10.0,1954,1968.0,135.0,157.0,724.0,915,1563,2880,2,3,2,11,1956.0,1,345.0
329,4826,9,7,2013,2420,2147,5,3,1,2,455,7,0,OldTown,1.5Fin,Hip,CemntBd,Ex,TA,N,Normal,804755,52.0,4826.0,9.0,2013,2033.0,495.0,739.0,2420.0,778,1596,2147,1,3,1,7,2015.0,2,455.0
330,14309,8,9,1994,231,3308,2,2,0,2,591,4,0,Somerst,1Story,Hip,MetalSd,Ex,TA,Y,Family,892206,49.0,14309.0,8.0,1994,1994.0,335.0,515.0,231.0,2097,180,3308,0,2,0,4,1994.0,2,591.0
331,16843,9,7,1952,1923,3008,1,3,1,4,979,5,0,Mitchel,1Story,Flat,MetalSd,TA,Fa,N,Abnorml,889216,108.0,16843.0,9.0,1952,1953.0,400.0,505.0,1923.0,2077,265,3008,2,3,1,5,1954.0,4,979.0
332,12814,8,9,1975,2035,3202,1,2,1,2,452,5,3,Edwards,1Story,Flat,CemntBd,Ex,TA,N,Normal,905470,67.0,12814.0,8.0,1975,1990.0,497.0,1476.0,2035.0,1697,1258,3202,2,2,1,5,,2,452.0
333,18573,9,6,1994,314,3268,3,3,1,4,960,6,3,Sawyer,1.5Fin,Flat,CemntBd,Fa,Gd,Y,Abnorml,981592,104.0,18573.0,9.0,1994,2006.0,,1280.0,314.0,723,888,3268,2,3,1,6,1996.0,4,960.0
334,19357,6,10,1984,2182,3913,5,4,2,0,133,8,2,Mitchel,2Story,Gable,MetalSd,TA,Fa,N,Partial,964494,73.0,19357.0,6.0,1984,1997.0,296.0,1015.0,2182.0,818,1297,3913,1,4,2,8,1985.0,0,133.0
335,9670,9,7,1986,657,1650,6,2,1,1,249,9,1,NAmes,2Story,Hip,BrkFace,Fa,Fa,N,Normal,635052,56.0,9670.0,9.0,1986,1989.0,295.0,1216.0,657.0,716,879,1650,2,2,1,9,1988.0,1,249.0
336,8221,7,5,1953,1058,3834,3,2,2,0,124,5,0,CollgCr,1.5Fin,Flat,Wd Sdng,Ex,Fa,N,Normal,778846,84.0,8221.0,7.0,1953,1968.0,116.0,1262.0,1058.0,836,826,3834,1,2,2,5,1953.0,0,124.0
337,7605,6,4,2023,2049,4421,1,3,1,0,60,7,0,NridgHt,1.5Fin,Flat,BrkFace,Gd,Fa,Y,Abnorml,979265,48.0,7605.0,6.0,2023,2037.0,369.0,400.0,2049.0,1420,878,4421,2,3,1,7,2025.0,0,60.0
338,8739,6,7,2006,1672,1641,5,1,1,4,975,7,2,Sawyer,SLvl,Flat,MetalSd,TA,Gd,N,Family,692576,71.0,8739.0,6.0,2006,2008.0,26.0,937.0,1672.0,1454,977,1641,2,1,1,7,2008.0,4,975.0
339,15050,7,3,1954,223,3429,6,2,1,4,978,10,2,CollgCr,2Story,Hip,BrkFace,,Fa,N,Partial,774699,87.0,15050.0,7.0,1954,1956.0,298.0,219.0,223.0,1143,785,3429,2,2,1,10,1955.0,4,978.0
340,10715,7,6,1970,1797,3186,3,4,0,2,460,8,3,Sawyer,1.5Fin,Flat,BrkFace,Ex,Gd,N,Normal,836564,76.0,10715.0,7.0,1970,1980.0,245.0,277.0,1797.0,1332,9,3186,0,4,0,8,1972.0,2,460.0
341,16791,8,10,1953,213,3227,6,2,2,3,824,9,0,Sawyer,2Story,Flat,Wd Sdng,TA,Ex,Y,Abnorml,819199,60.0,16791.0,8.0,1953,1972.0,87.0,623.0,213.0,747,77,3227,1,2,2,9,1954.0,3,824.0
342,19920,5,9,1990,1849,2559,6,2,1,1,395,12,2,Somerst,2Story,Gable,BrkFace,TA,Gd,N,Family,796696,96.0,19920.0,5.0,1990,1994.0,268.0,13.0,1849.0,1597,1093,2559,2,2,1,12,1992.0,1,395.0
343,10355,3,3,2021,936,4314,1,4,0,2,619,4,0,Sawyer,SLvl,Flat,Wd Sdng,Gd,Ex,N,Abnorml,906544,109.0,10355.0,3.0,2021,2023.0,322.0,810.0,936.0,1233,408,4314,1,4,0,4,2023.0,2,619.0
344,6845,3,9,2008,2024,1085,2,2,0,2,513,7,3,OldTown,SLvl,Gable,CemntBd,Gd,TA,Y,Family,536330,78.0,6845.0,3.0,2008,2012.0,369.0,680.0,2024.0,2475,1496,1085,1,2,0,7,2009.0,2,513.0
345,16386,5,3,1987,1072,1564,5,4,0,2,589,10,0,NAmes,SLvl,Gable,Wd Sdng,Fa,Gd,N,Family,617357,118.0,,5.0,1987,1995.0,317.0,1723.0,1072.0,2077,764,1564,2,4,0,10,1987.0,2,589.0
346,11396,4,4,2021,240,813,3,2,1,2,595,9,0,NAmes,1.5Fin,Flat,CemntBd,Fa,TA,N,Partial,452802,107.0,11396.0,4.0,2021,2040.0,396.0,1270.0,240.0,925,28,813,2,2,1,9,2021.0,2,595.0
347,4347,5,7,1971,2063,2618,3,4,0,0,81,9,3,,1.5Fin,Gable,Wd Sdng,Ex,Gd,N,Partial,698256,41.0,4347.0,5.0,1971,1991.0,430.0,778.0,2063.0,1425,659,2618,0,4,0,9,1971.0,0,81.0
348,14815,9,7,1983,1080,2717,3,4,0,2,565,6,3,NAmes,2Story,Gable,VinylSd,Gd,Gd,,Family,867184,110.0,14815.0,9.0,1983,2001.0,194.0,1646.0,1080.0,1131,1550,2717,2,4,0,6,1985.0,2,565.0
349,8359,10,9,1964,2027,767,4,3,2,4,1004,9,3,CollgCr,2Story,Gable,Wd Sdng,Ex,Gd,N,Abnorml,627368,78.0,,10.0,1964,1981.0,75.0,1765.0,,1448,1706,767,1,3,2,9,1965.0,4,1004.0
350,19670,7,6,2024,16,2754,5,2,1,0,63,10,0,NridgHt,1Story,Hip,VinylSd,Fa,TA,Y,Partial,810337,53.0,19670.0,7.0,2024,2034.0,420.0,674.0,16.0,1042,1087,2754,1,2,1,10,2026.0,0,63.0
351,3946,4,10,2011,1859,3173,3,1,1,0,167,9,3,NridgHt,2Story,Gable,VinylSd,TA,TA,Y,Normal,792159,57.0,3946.0,4.0,2011,2023.0,348.0,901.0,1859.0,2245,390,3173,0,1,1,9,2012.0,0,167.0
352,15497,4,9,1982,729,1583,4,1,0,1,261,9,3,Somerst,2Story,Gable,Wd Sdng,Fa,Fa,N,Abnorml,555587,73.0,15497.0,4.0,1982,2001.0,124.0,685.0,729.0,745,36,1583,2,1,0,9,1984.0,1,261.0
353,6149,8,6,2012,1824,4226,4,4,1,4,1033,9,0,Sawyer,1.5Fin,Flat,MetalSd,Fa,Fa,Y,Normal,1064096,54.0,,8.0,2012,2028.0,16.0,881.0,1824.0,685,1385,4226,1,4,1,9,2012.0,4,1033.0
354,14198,10,6,1969,2028,2759,6,1,1,3,771,8,3,Somerst,2Story,Gable,Wd Sdng,Gd,Fa,N,Normal,885557,53.0,14198.0,10.0,1969,1978.0,293.0,1670.0,2028.0,822,8,2759,1,1,1,8,1971.0,3,771.0
355,5507,3,4,2015,1740,2291,1,4,2,4,944,5,2,CollgCr,1Story,Gable,BrkFace,Gd,Gd,N,Normal,671320,110.0,5507.0,3.0,2015,2029.0,485.0,1686.0,1740.0,2153,1283,2291,1,4,2,5,2017.0,4,944.0
356,16639,7,8,2008,1842,3155,3,3,0,1,267,5,2,CollgCr,SLvl,Flat,VinylSd,Ex,Fa,Y,Normal,921558,59.0,16639.0,7.0,2008,2024.0,358.0,1760.0,1842.0,1905,1502,3155,1,3,0,5,2009.0,1,267.0
357,18634,10,9,2012,1240,3133,5,3,2,3,737,7,1,OldTown,1Story,Gable,VinylSd,Ex,Gd,Y,Abnorml,1039294,74.0,18634.0,10.0,2012,2031.0,56.0,1333.0,1240.0,1123,509,3133,1,3,2,7,2013.0,3,737.0
358,7756,6,9,2018,781,952,3,4,0,3,768,5,0,OldTown,2Story,Flat,BrkFace,Fa,Fa,Y,Family,609864,76.0,7756.0,6.0,2018,2031.0,97.0,1217.0,781.0,2192,463,952,2,4,0,5,2019.0,3,768.0
359,10950,6,7,2022,1604,808,3,1,0,3,766,8,2,NAmes,SLvl,Hip,BrkFace,Fa,Gd,Y,Normal,613056,117.0,10950.0,6.0,2022,2025.0,9.0,278.0,1604.0,1943,1420,808,0,1,0,8,2024.0,3,766.0
360,13349,4,7,2003,1938,1078,4,3,1,3,665,7,2,Edwards,SLvl,Hip,BrkFace,Gd,Gd,N,Family,576279,66.0,13349.0,4.0,2003,2006.0,225.0,615.0,1938.0,1927,1796,1078,2,3,1,7,2004.0,3,665.0
361,12613,9,9,1996,1934,3875,2,2,1,0,170,7,1,OldTown,2Story,Gable,CemntBd,Fa,Ex,N,Family,987068,83.0,12613.0,9.0,1996,2016.0,160.0,656.0,1934.0,1735,705,3875,0,2,1,7,1997.0,0,170.0
362,10691,6,3,1952,1469,4208,3,3,2,1,264,9,0,CollgCr,1.5Fin,Hip,VinylSd,Gd,Ex,Y,Family,844017,66.0,10691.0,6.0,1952,1972.0,214.0,1235.0,1469.0,582,639,4208,1,3,2,9,1953.0,1,264.0
363,14151,8,3,2021,1095,4271,2,1,2,0,112,7,0,CollgCr,1Story,Flat,VinylSd,Ex,Gd,,Abnorml,1008251,73.0,14151.0,8.0,2021,2038.0,77.0,1423.0,1095.0,940,264,4271,0,1,2,7,2023.0,0,112.0
364,8145,7,10,2014,2041,3600,1,2,2,2,525,4,0,Edwards,SLvl,Hip,VinylSd,Gd,Fa,N,Partial,950602,104.0,8145.0,7.0,2014,,211.0,411.0,2041.0,2211,210,3600,0,2,2,4,2015.0,2,525.0
365,8611,4,7,1997,1699,2077,6,2,0,4,987,9,1,Sawyer,SLvl,Hip,BrkFace,TA,Ex,N,Abnorml,631622,102.0,8611.0,4.0,1997,2010.0,353.0,981.0,1699.0,2254,785,2077,0,2,0,9,1999.0,4,987.0
366,19952,4,4,1993,1289,2245,2,4,0,3,669,5,0,Somerst,SLvl,Hip,CemntBd,TA,TA,N,Normal,700962,72.0,19952.0,4.0,1993,2007.0,104.0,643.0,1289.0,1171,1030,2245,2,4,0,5,1994.0,3,669.0
367,7812,9,10,1976,2229,3157,5,4,2,2,606,10,1,Somerst,1Story,Gable,CemntBd,TA,Fa,Y,Partial,907534,46.0,7812.0,9.0,1976,1983.0,210.0,363.0,2229.0,803,1205,3157,2,4,2,10,1978.0,2,606.0
368,6041,7,8,1970,95,714,5,3,0,2,548,11,0,NAmes,1.5Fin,Hip,CemntBd,TA,Ex,Y,Normal,449659,51.0,,7.0,1970,1983.0,256.0,815.0,95.0,686,626,714,1,3,0,11,1970.0,2,548.0
369,12763,3,10,1993,967,3898,6,2,1,2,512,12,1,Sawyer,2Story,Gable,Wd Sdng,Gd,TA,N,Normal,820187,94.0,12763.0,3.0,1993,2003.0,396.0,653.0,967.0,1956,342,3898,0,2,1,12,1995.0,2,512.0
370,16949,9,4,1961,254,2340,2,4,0,3,679,6,3,Sawyer,1.5Fin,Flat,BrkFace,Fa,Fa,N,Family,741856,75.0,16949.0,9.0,1961,1975.0,313.0,596.0,254.0,1008,133,2340,0,4,0,6,1963.0,3,679.0
371,7729,5,10,2008,529,3485,5,1,2,1,336,10,0,OldTown,1.5Fin,Gable,CemntBd,Fa,Ex,Y,Partial,817960,45.0,7729.0,,2008,2020.0,471.0,,529.0,2483,1687,3485,0,1,2,10,2008.0,1,336.0
372,12489,3,5,1965,1521,1848,3,3,1,3,667,6,1,Sawyer,1Story,Hip,Wd Sdng,Gd,Gd,N,Normal,536945,40.0,12489.0,3.0,1965,1978.0,241.0,1423.0,1521.0,1228,93,1848,0,3,1,6,1966.0,3,
373,14424,4,3,2003,1970,2947,3,4,1,3,781,9,1,OldTown,SLvl,Hip,BrkFace,Gd,TA,Y,Family,821911,82.0,14424.0,4.0,2003,2006.0,446.0,1296.0,1970.0,1311,610,2947,1,4,1,9,2005.0,3,781.0
374,10629,9,8,2019,187,3346,4,3,2,0,42,6,2,CollgCr,1Story,Gable,CemntBd,Ex,Gd,N,Normal,895921,56.0,10629.0,9.0,2019,,434.0,1005.0,187.0,1551,595,3346,2,3,2,6,2021.0,0,42.0
375,8889,3,7,1976,1004,3998,6,4,0,4,1035,10,3,NAmes,SLvl,Gable,Wd Sdng,Fa,Gd,N,Normal,846630,73.0,8889.0,3.0,1976,1989.0,376.0,1179.0,1004.0,600,933,3998,2,4,0,10,1977.0,4,1035.0
376,13399,9,7,1961,469,1006,5,2,1,1,266,9,0,OldTown,1.5Fin,Hip,MetalSd,Ex,TA,Y,Normal,569075,60.0,13399.0,9.0,1961,1971.0,372.0,1601.0,469.0,1886,1490,1006,0,2,1,9,1962.0,1,266.0
377,4916,7,9,1962,1310,1183,4,3,1,3,690,6,1,Edwards,2Story,Hip,CemntBd,Fa,Ex,N,Normal,531768,96.0,4916.0,7.0,1962,1970.0,31.0,496.0,1310.0,1112,1065,1183,2,3,1,6,1963.0,3,690.0
378,18231,9,4,2011,118,2269,6,2,0,2,581,12,0,Edwards,2Story,Hip,CemntBd,Fa,Fa,Y,Abnorml,783926,110.0,18231.0,9.0,2011,2022.0,361.0,667.0,118.0,1032,1221,2269,0,2,0,12,2012.0,2,581.0
379,15232,5,6,2018,1735,4333,5,4,0,0,118,11,2,OldTown,1Story,Gable,BrkFace,TA,TA,N,Partial,1021909,94.0,15232.0,5.0,2018,2022.0,70.0,770.0,1735.0,2179,1073,4333,1,4,0,11,2019.0,0,118.0
380,9971,7,3,1970,2187,2906,1,3,0,3,838,3,1,Somerst,SLvl,Gable,CemntBd,TA,TA,N,Family,777983,111.0,9971.0,7.0,1970,,265.0,574.0,2187.0,856,691,2906,1,3,0,3,1970.0,3,838.0
381,11058,8,8,1976,1883,3055,3,1,2,1,385,5,3,NAmes,1Story,Flat,MetalSd,Fa,Fa,N,Normal,855192,41.0,11058.0,8.0,1976,1978.0,106.0,1672.0,1883.0,563,888,3055,2,1,2,5,1978.0,1,385.0
382,5540,3,10,1965,1445,3929,4,3,1,1,398,6,0,Mitchel,1.5Fin,Gable,BrkFace,Ex,Gd,Y,Partial,786895,54.0,5540.0,3.0,1965,1967.0,287.0,1609.0,1445.0,2449,1406,3929,0,3,1,6,1965.0,1,398.0
383,14725,6,4,1988,905,1559,4,3,0,2,566,10,1,,2Story,Flat,BrkFace,Ex,TA,N,Abnorml,618666,49.0,14725.0,6.0,1988,1990.0,166.0,804.0,905.0,1328,274,1559,1,3,0,10,,2,566.0
384,9349,5,4,1966,266,1121,3,2,2,2,489,5,2,Mitchel,1Story,Hip,VinylSd,TA,Fa,N,Partial,422700,59.0,9349.0,5.0,1966,1968.0,339.0,747.0,266.0,2250,701,1121,2,2,2,5,1968.0,2,489.0
385,19983,10,10,1996,2118,3708,1,2,0,2,547,7,3,NridgHt,1Story,Hip,MetalSd,TA,Ex,Y,Abnorml,1124978,109.0,19983.0,10.0,1996,2009.0,244.0,233.0,2118.0,1426,1003,3708,1,2,0,7,1996.0,2,547.0
386,16887,4,6,1975,673,1948,3,1,2,0,7,8,3,NAmes,1.5Fin,Hip,MetalSd,Ex,Fa,Y,Partial,567204,44.0,16887.0,4.0,1975,1978.0,269.0,1154.0,673.0,1638,735,1948,1,1,2,8,1977.0,0,7.0
387,13931,6,4,2006,391,3161,4,1,0,0,8,9,2,CollgCr,2Story,Gable,BrkFace,Ex,TA,N,Normal,755064,87.0,13931.0,6.0,2006,2017.0,192.0,409.0,391.0,2032,1536,3161,0,1,0,9,2006.0,0,8.0
388,4828,3,7,1998,1645,992,5,4,0,4,1048,11,0,Mitchel,SLvl,Hip,BrkFace,Ex,TA,Y,Family,513879,114.0,4828.0,,1998,2002.0,160.0,1212.0,1645.0,1626,385,992,2,4,0,11,1999.0,4,1048.0
389,13754,6,4,1963,50,3037,6,1,2,1,366,9,2,NridgHt,SLvl,Hip,CemntBd,Fa,Gd,Y,Abnorml,679002,110.0,13754.0,6.0,1963,,489.0,1117.0,50.0,1011,337,3037,0,1,2,9,1963.0,1,366.0
390,4982,5,7,2024,1785,2701,6,3,1,4,1018,9,1,Mitchel,1.5Fin,Flat,Wd Sdng,TA,TA,Y,Abnorml,792443,58.0,,5.0,2024,,88.0,368.0,1785.0,693,1662,2701,2,3,1,9,2025.0,4,1018.0
391,10778,3,9,1994,800,1420,6,2,0,2,488,11,3,NridgHt,1.5Fin,Flat,Wd Sdng,Fa,TA,Y,Normal,550041,95.0,10778.0,3.0,1994,2012.0,235.0,1396.0,,1446,826,1420,1,2,0,11,1994.0,2,488.0
392,4382,10,6,1950,913,3439,2,4,2,1,281,7,2,Sawyer,2Story,Hip,MetalSd,Ex,TA,Y,Normal,838381,56.0,4382.0,10.0,1950,1967.0,467.0,1572.0,913.0,708,39,3439,0,4,2,7,1950.0,1,281.0
393,3983,4,5,1987,1803,1396,6,3,0,0,50,9,2,OldTown,2Story,Hip,MetalSd,TA,Gd,Y,Abnorml,483531,45.0,3983.0,4.0,1987,2004.0,272.0,1126.0,1803.0,2146,467,1396,0,3,0,9,1988.0,0,50.0
394,8769,7,4,1952,562,2152,6,1,1,1,298,11,1,NridgHt,1.5Fin,Flat,MetalSd,Fa,Ex,Y,Abnorml,560695,79.0,8769.0,7.0,1952,1962.0,175.0,55.0,562.0,2125,459,2152,0,1,1,11,1952.0,1,298.0
395,9214,6,9,1997,1302,3055,4,2,0,4,1030,7,2,OldTown,1.5Fin,Gable,VinylSd,TA,Gd,N,Abnorml,853718,86.0,9214.0,6.0,1997,2000.0,279.0,1489.0,,786,1489,3055,0,2,0,7,1999.0,4,1030.0
396,5667,10,4,1971,2083,2189,6,3,1,4,998,9,2,NridgHt,SLvl,Flat,BrkFace,Fa,TA,N,Normal,762966,45.0,5667.0,10.0,1971,1984.0,181.0,945.0,2083.0,748,268,2189,2,3,1,9,1972.0,4,998.0
397,10193,6,10,1980,1621,1495,3,4,1,4,920,7,2,CollgCr,2Story,Gable,Wd Sdng,Fa,TA,Y,Normal,678783,85.0,10193.0,6.0,1980,1991.0,346.0,1450.0,1621.0,524,432,1495,2,4,1,7,1982.0,4,920.0
398,19785,8,9,2007,1915,2371,4,3,1,2,509,9,0,OldTown,SLvl,Gable,Wd Sdng,Ex,TA,Y,Partial,897738,66.0,19785.0,8.0,2007,2020.0,395.0,429.0,1915.0,626,1503,2371,0,3,1,9,2009.0,2,509.0
399,19803,4,7,1979,403,1085,1,3,0,4,931,5,1,NridgHt,1.5Fin,Hip,Wd Sdng,Gd,Gd,N,Normal,530949,71.0,19803.0,4.0,1979,1980.0,444.0,897.0,403.0,2200,44,1085,0,3,0,5,1981.0,4,931.0
400,12235,8,9,2001,2375,3703,6,1,1,4,918,11,1,Edwards,2Story,Hip,MetalSd,Fa,Fa,N,Normal,1002212,53.0,12235.0,8.0,2001,2010.0,369.0,1633.0,2375.0,2099,1207,3703,2,1,1,11,2003.0,4,918.0
401,9155,9,9,1976,1796,2443,5,1,1,1,367,8,2,NAmes,SLvl,Flat,Wd Sdng,TA,Gd,N,Family,788692,85.0,9155.0,9.0,1976,1995.0,348.0,596.0,1796.0,955,1033,2443,2,1,1,8,1978.0,1,367.0
402,16217,7,8,1952,2324,3816,1,2,0,2,585,7,3,Sawyer,2Story,Hip,VinylSd,Fa,Gd,N,Normal,919712,111.0,16217.0,7.0,1952,1961.0,329.0,1702.0,2324.0,767,346,3816,0,2,0,7,1952.0,2,585.0
403,17795,7,4,1971,427,3364,5,2,0,4,1005,7,1,Edwards,1Story,Hip,Wd Sdng,Gd,Gd,N,Normal,838991,92.0,17795.0,7.0,1971,1982.0,411.0,1418.0,427.0,905,252,3364,2,2,0,7,1971.0,4,1005.0
404,4882,8,3,1971,1338,4121,4,4,0,0,33,10,3,Mitchel,1Story,Hip,MetalSd,Gd,Gd,N,Family,908951,119.0,4882.0,8.0,1971,1974.0,354.0,141.0,1338.0,2186,750,4121,0,4,0,10,1971.0,0,33.0
405,18557,5,7,1975,2058,3535,6,4,1,1,221,9,3,CollgCr,SLvl,Flat,MetalSd,TA,Fa,N,Family,904329,59.0,18557.0,5.0,1975,1993.0,135.0,1677.0,2058.0,1320,1456,3535,0,4,1,9,1976.0,1,221.0
406,4280,4,7,2008,1420,3468,6,3,1,4,924,11,1,OldTown,SLvl,Hip,BrkFace,Gd,Ex,N,Normal,810648,70.0,4280.0,4.0,2008,2024.0,,1736.0,1420.0,1262,1332,3468,0,3,1,11,2009.0,4,924.0
407,8175,7,7,1958,889,4322,4,4,2,0,94,6,0,NridgHt,SLvl,Hip,MetalSd,TA,Gd,Y,Family,860955,60.0,8175.0,7.0,1958,1964.0,247.0,1629.0,889.0,1905,1622,4322,1,4,2,6,1958.0,0,94.0
408,5398,10,9,1993,1635,4105,2,4,0,0,64,4,1,NridgHt,SLvl,Hip,BrkFace,Ex,Ex,Y,Family,1001804,62.0,5398.0,10.0,1993,1997.0,98.0,1628.0,1635.0,1790,76,4105,0,4,0,4,1993.0,0,64.0
409,18426,7,5,1971,73,3086,1,2,1,0,136,6,1,,1Story,Flat,Wd Sdng,Gd,Fa,N,Abnorml,741430,92.0,18426.0,7.0,1971,1986.0,490.0,,73.0,2420,768,3086,2,2,1,6,1972.0,0,136.0
410,4128,6,10,1956,2141,3225,6,1,1,2,553,8,0,NAmes,SLvl,Gable,MetalSd,TA,Gd,Y,Normal,725554,43.0,4128.0,6.0,1956,1963.0,126.0,1378.0,2141.0,1820,1795,3225,1,1,1,8,1957.0,2,553.0
411,16817,3,3,1993,787,3385,6,1,0,0,170,9,1,NAmes,SLvl,Flat,VinylSd,TA,TA,Y,Abnorml,745548,62.0,16817.0,3.0,1993,1996.0,,1022.0,787.0,672,1311,3385,2,1,0,9,1995.0,0,170.0
412,15945,9,4,1979,875,1033,3,3,0,0,102,7,0,Sawyer,2Story,Hip,MetalSd,Ex,TA,N,Normal,556867,82.0,15945.0,9.0,1979,1990.0,285.0,285.0,875.0,1692,523,1033,2,3,0,7,1979.0,0,102.0
413,10161,9,7,2013,417,3518,5,2,1,0,153,9,3,OldTown,1.5Fin,Gable,Wd Sdng,Fa,Ex,,Normal,933001,92.0,10161.0,9.0,2013,2030.0,152.0,1297.0,417.0,1700,1579,3518,2,2,1,9,2013.0,0,153.0
414,17709,9,6,2014,2406,3486,1,2,0,4,911,5,1,Sawyer,2Story,Flat,VinylSd,Ex,Gd,N,Family,1049422,71.0,17709.0,9.0,2014,2025.0,115.0,620.0,2406.0,1030,1095,3486,0,2,0,5,2015.0,4,911.0
415,9619,5,9,1976,155,1575,6,4,2,2,474,10,2,NAmes,SLvl,Flat,Wd Sdng,Ex,Gd,N,Partial,545815,74.0,9619.0,5.0,1976,1979.0,482.0,495.0,155.0,2378,1276,1575,2,4,2,10,1977.0,2,474.0
416,9744,3,6,1978,2490,4174,4,3,0,3,821,6,0,Mitchel,1Story,Gable,VinylSd,Gd,Gd,Y,Normal,869276,60.0,9744.0,3.0,1978,1986.0,498.0,517.0,2490.0,2164,99,4174,2,3,0,6,1978.0,3,821.0
417,9696,6,4,2004,1913,1875,2,2,0,3,705,8,1,Somerst,1.5Fin,Flat,BrkFace,Gd,TA,,Normal,679896,53.0,9696.0,6.0,2004,2022.0,152.0,1348.0,1913.0,653,1216,1875,2,2,0,8,2006.0,3,705.0
418,16049,9,5,2010,1807,2331,5,4,0,3,665,10,3,CollgCr,1.5Fin,Flat,CemntBd,Gd,Gd,N,Family,902644,88.0,16049.0,9.0,2010,2017.0,394.0,315.0,1807.0,544,98,2331,1,4,0,10,2011.0,3,665.0
419,13022,10,7,1998,2302,3082,4,1,1,1,340,7,1,Edwards,1Story,Gable,CemntBd,TA,Fa,N,Family,933805,44.0,13022.0,10.0,1998,2011.0,147.0,1464.0,2302.0,632,1355,3082,0,1,1,7,2000.0,1,340.0
420,15227,9,10,1989,2409,891,4,1,0,3,804,7,1,Sawyer,1.5Fin,Flat,Wd Sdng,Fa,TA,Y,Family,699586,100.0,15227.0,9.0,1989,2006.0,360.0,866.0,2409.0,904,221,891,0,1,0,7,1989.0,3,804.0
421,11086,6,10,1954,1480,3184,6,1,2,1,286,12,3,OldTown,1.5Fin,Gable,CemntBd,Gd,Ex,,Normal,791827,68.0,11086.0,6.0,1954,1973.0,106.0,1616.0,1480.0,2348,1338,3184,1,1,2,12,1956.0,1,286.0
422,15594,9,4,2016,773,4188,4,2,1,2,617,8,3,Somerst,SLvl,Flat,VinylSd,Ex,TA,Y,Partial,1097047,65.0,15594.0,9.0,2016,2035.0,353.0,772.0,773.0,1822,1712,4188,2,2,1,8,2016.0,2,617.0
423,9865,9,7,1950,689,3943,4,1,0,0,178,9,3,Somerst,SLvl,Gable,MetalSd,TA,Gd,Y,Abnorml,872346,98.0,9865.0,9.0,1950,1970.0,360.0,151.0,689.0,1408,40,3943,1,1,0,9,1952.0,0,178.0
424,8963,4,10,2022,870,1360,2,1,2,1,269,6,3,Mitchel,1Story,Flat,MetalSd,Ex,TA,Y,Family,577199,84.0,8963.0,4.0,2022,2039.0,250.0,919.0,870.0,2157,98,1360,1,1,2,6,2023.0,1,269.0
425,12068,4,8,1953,2398,1561,4,4,2,0,2,6,2,NAmes,1Story,Gable,MetalSd,Ex,Fa,N,Family,557071,79.0,12068.0,4.0,1953,1953.0,162.0,1224.0,2398.0,763,1412,1561,0,4,2,6,1954.0,0,2.0
426,14043,9,8,1997,1405,1891,2,3,2,3,756,8,0,NridgHt,1.5Fin,Gable,VinylSd,Fa,Fa,Y,Normal,811399,69.0,14043.0,9.0,1997,2016.0,245.0,981.0,1405.0,688,237,1891,0,3,2,8,1997.0,3,756.0
427,7027,7,6,1997,1851,3132,6,4,2,3,829,9,0,NridgHt,1Story,Flat,Wd Sdng,Ex,TA,N,Abnorml,869151,68.0,7027.0,7.0,1997,2005.0,178.0,1192.0,1851.0,2353,853,3132,1,4,2,9,1998.0,3,829.0
428,18877,9,4,1994,1752,4446,4,1,2,3,735,10,1,OldTown,1Story,Gable,BrkFace,Ex,TA,N,Abnorml,1096549,43.0,18877.0,9.0,1994,1994.0,286.0,820.0,1752.0,2235,909,4446,2,1,2,10,1996.0,3,735.0
429,6790,10,6,1981,866,1298,6,1,0,3,667,9,2,Sawyer,1.5Fin,Gable,Wd Sdng,Fa,Ex,Y,Family,620537,64.0,6790.0,10.0,1981,1986.0,478.0,1094.0,866.0,2198,778,1298,0,1,0,9,1983.0,3,667.0
430,13905,6,4,1993,1544,4328,6,4,2,4,991,9,1,Somerst,1Story,Hip,VinylSd,Ex,Ex,N,Abnorml,1030029,91.0,,6.0,1993,2001.0,478.0,1037.0,1544.0,2156,253,4328,2,4,2,9,1995.0,4,991.0
431,6804,8,5,1990,1557,2963,6,1,1,0,151,12,1,Sawyer,SLvl,Hip,Wd Sdng,Gd,Gd,Y,Family,759481,82.0,6804.0,8.0,1990,1999.0,407.0,1781.0,1557.0,1179,1120,2963,0,1,1,12,1990.0,0,151.0
432,18093,8,5,1987,896,2647,6,4,0,4,952,9,0,NridgHt,1.5Fin,Flat,VinylSd,TA,Fa,Y,Family,846261,75.0,18093.0,8.0,1987,1997.0,369.0,1416.0,896.0,750,517,2647,2,4,0,9,1989.0,4,952.0
433,15343,3,8,1969,862,4073,6,2,2,0,45,11,3,Somerst,2Story,Gable,CemntBd,Fa,TA,N,Family,808014,,,3.0,1969,1980.0,140.0,856.0,,587,971,4073,2,2,2,11,1971.0,0,45.0
434,15824,9,4,2017,1159,1756,6,2,2,4,980,8,1,,1Story,Flat,Wd Sdng,Fa,Gd,,Family,829439,75.0,15824.0,9.0,2017,2017.0,147.0,1113.0,1159.0,2429,1437,1756,2,2,2,8,2018.0,4,980.0
435,18808,7,5,1976,893,3894,6,2,2,0,92,12,0,OldTown,SLvl,Hip,MetalSd,Ex,Ex,N,Family,870955,84.0,18808.0,7.0,1976,1981.0,62.0,75.0,893.0,1444,313,3894,1,2,2,12,1976.0,0,92.0
436,4719,4,8,2005,608,3168,6,4,0,0,30,9,3,Mitchel,1.5Fin,Flat,CemntBd,Gd,Fa,Y,Family,765372,105.0,4719.0,4.0,2005,2009.0,293.0,1619.0,608.0,603,420,3168,0,4,0,9,2007.0,0,30.0
437,15520,7,10,1997,47,1091,1,1,0,3,824,7,1,NAmes,SLvl,Hip,VinylSd,Gd,Fa,N,Family,583838,91.0,15520.0,7.0,1997,2015.0,346.0,736.0,47.0,844,1423,1091,2,1,0,7,1999.0,3,824.0
438,7103,4,8,1958,2201,1357,4,1,1,4,1017,10,3,CollgCr,1Story,Gable,VinylSd,Gd,Gd,Y,Family,532490,108.0,7103.0,4.0,1958,1970.0,278.0,1436.0,2201.0,2392,1404,1357,2,1,1,10,1959.0,4,1017.0
439,7031,3,5,2023,844,3273,2,1,2,2,448,4,0,Somerst,1.5Fin,Flat,MetalSd,Fa,Ex,Y,Partial,728911,82.0,7031.0,3.0,2023,2025.0,194.0,,844.0,1675,1290,3273,1,1,2,4,2023.0,2,448.0
440,12614,10,5,2023,2008,3447,3,3,2,4,1010,6,0,NAmes,2Story,Gable,MetalSd,Gd,TA,Y,Abnorml,1079466,43.0,12614.0,10.0,2023,2027.0,458.0,1099.0,2008.0,1387,19,3447,1,3,2,6,2023.0,4,1010.0
441,10079,8,7,1966,1728,904,5,3,1,3,826,8,3,Mitchel,1Story,Hip,BrkFace,Gd,Gd,Y,Partial,617726,54.0,10079.0,8.0,1966,1986.0,202.0,1216.0,1728.0,2182,616,904,2,3,1,8,1967.0,3,826.0
442,9312,8,5,2003,628,1895,4,4,0,4,943,6,2,CollgCr,1Story,Flat,CemntBd,Fa,Ex,,Normal,728429,73.0,9312.0,8.0,2003,2003.0,419.0,1306.0,628.0,1983,861,1895,2,4,0,6,2004.0,4,943.0
443,13928,7,5,1978,1120,640,1,4,0,3,686,3,1,Somerst,SLvl,Gable,CemntBd,TA,TA,N,Normal,512111,62.0,13928.0,7.0,1978,1980.0,176.0,174.0,1120.0,1308,1355,640,0,4,0,3,1979.0,3,686.0
444,8595,8,9,1973,1413,3901,6,4,1,4,912,10,0,OldTown,2Story,Gable,BrkFace,TA,Ex,N,Abnorml,965992,114.0,8595.0,8.0,1973,1989.0,488.0,223.0,1413.0,1516,206,3901,0,4,1,10,1974.0,4,912.0
445,16705,10,5,2006,1449,3870,4,3,1,3,793,7,2,CollgCr,1.5Fin,Hip,Wd Sdng,Ex,Ex,Y,Abnorml,1072281,73.0,16705.0,10.0,2006,2012.0,395.0,1574.0,1449.0,560,1356,3870,1,3,1,7,2006.0,3,793.0
446,8410,3,4,1986,2269,4407,4,1,1,4,914,9,3,CollgCr,SLvl,Gable,CemntBd,Gd,Ex,N,Partial,894520,44.0,8410.0,3.0,1986,1998.0,411.0,508.0,,1283,1065,4407,1,1,1,9,1986.0,4,914.0
447,4387,10,5,2017,921,1316,1,3,0,4,970,3,3,Mitchel,SLvl,Gable,Wd Sdng,Ex,TA,Y,Normal,723086,53.0,4387.0,10.0,2017,2030.0,74.0,1346.0,921.0,1899,552,1316,0,3,0,3,2019.0,4,970.0
448,12803,10,7,1983,872,609,6,4,0,2,604,12,0,Mitchel,SLvl,Gable,Wd Sdng,Ex,Fa,N,Partial,587010,116.0,12803.0,10.0,1983,1997.0,148.0,1361.0,872.0,1373,1275,609,0,4,0,12,1985.0,2,604.0
449,6511,3,8,1973,1646,2052,1,1,1,3,710,3,1,,1Story,Hip,VinylSd,Gd,TA,Y,Family,572226,95.0,6511.0,3.0,1973,1983.0,21.0,727.0,1646.0,853,1240,2052,0,1,1,3,1975.0,3,710.0
450,15265,7,8,2004,746,2797,3,1,1,3,701,6,2,Sawyer,1Story,Hip,MetalSd,Ex,Gd,N,Normal,814300,84.0,15265.0,7.0,2004,2009.0,147.0,340.0,746.0,1224,1435,2797,0,1,1,6,2004.0,3,701.0
451,15928,9,8,1954,656,3328,2,4,2,2,470,7,3,Mitchel,2Story,Hip,BrkFace,Fa,Gd,Y,Normal,875474,80.0,15928.0,9.0,1954,1965.0,489.0,1325.0,656.0,939,280,3328,2,4,2,7,1956.0,2,470.0
452,7132,5,8,2014,55,3743,6,2,0,2,549,12,0,Sawyer,SLvl,Hip,Wd Sdng,Fa,Ex,N,Abnorml,833552,95.0,7132.0,5.0,2014,2023.0,365.0,1254.0,55.0,2360,857,3743,2,2,0,12,2016.0,2,549.0
453,7996,5,6,1985,471,4139,3,2,2,3,710,8,0,OldTown,2Story,Flat,MetalSd,Gd,Ex,Y,Family,833655,117.0,7996.0,5.0,1985,1995.0,40.0,90.0,471.0,883,1701,4139,2,2,2,8,1986.0,3,710.0
454,11973,6,5,2004,72,3125,2,1,0,3,764,8,2,Edwards,2Story,Hip,BrkFace,Fa,Ex,N,Normal,778499,105.0,11973.0,6.0,2004,2022.0,177.0,1153.0,72.0,1063,214,3125,1,1,0,8,2004.0,3,764.0
455,6606,7,8,1985,1437,3514,4,2,1,0,46,6,0,NAmes,1.5Fin,Gable,Wd Sdng,Fa,TA,Y,Family,814724,54.0,6606.0,7.0,1985,2004.0,473.0,1321.0,1437.0,1073,1047,3514,0,2,1,6,1986.0,0,46.0
456,11266,10,8,1992,1246,1056,1,1,2,4,913,5,2,NridgHt,1.5Fin,Gable,Wd Sdng,Gd,Fa,Y,Normal,682077,89.0,11266.0,10.0,1992,1994.0,226.0,1387.0,1246.0,1413,1472,1056,2,1,2,5,1994.0,4,913.0
457,6943,3,6,1974,1825,4390,1,1,2,4,967,5,3,Edwards,2Story,Gable,MetalSd,Gd,Fa,N,Partial,867519,113.0,6943.0,3.0,1974,1975.0,335.0,1324.0,1825.0,2309,1265,4390,0,1,2,5,1974.0,4,967.0
458,17695,4,9,1958,1977,2316,5,1,0,4,950,8,2,NAmes,1Story,Flat,MetalSd,Fa,Fa,Y,Abnorml,705373,64.0,17695.0,4.0,1958,1962.0,131.0,818.0,1977.0,804,241,2316,0,1,0,8,1959.0,4,950.0
459,19688,9,9,2001,2487,1712,2,2,0,1,366,5,0,Mitchel,1.5Fin,Hip,MetalSd,TA,TA,Y,Abnorml,809088,72.0,19688.0,9.0,2001,2006.0,382.0,1541.0,2487.0,570,578,1712,1,2,0,5,2003.0,1,366.0
460,4494,6,7,1955,606,4458,3,2,1,0,164,6,1,CollgCr,1Story,Flat,Wd Sdng,TA,TA,,Partial,845456,45.0,,6.0,1955,1974.0,245.0,679.0,606.0,1757,233,4458,2,2,1,6,1957.0,0,164.0
461,7378,9,7,1991,234,3163,1,3,0,2,485,5,0,CollgCr,SLvl,Flat,Wd Sdng,Gd,Fa,Y,Partial,827433,95.0,7378.0,9.0,1991,1992.0,109.0,1630.0,234.0,1768,1607,3163,2,3,0,5,1991.0,2,485.0
462,9682,9,5,2007,949,3589,6,4,1,1,342,8,3,OldTown,SLvl,Gable,MetalSd,Gd,Fa,Y,Partial,944966,40.0,9682.0,9.0,2007,2009.0,103.0,881.0,949.0,1763,217,3589,0,4,1,8,2008.0,1,342.0
463,13163,5,5,2000,2489,1369,1,2,0,3,722,6,3,,2Story,Flat,VinylSd,Ex,Fa,N,Normal,632584,106.0,13163.0,5.0,2000,2008.0,423.0,216.0,2489.0,1003,1019,1369,2,2,0,6,2002.0,3,722.0
464,3444,3,5,1981,342,1696,2,1,0,0,138,6,0,Edwards,2Story,Hip,CemntBd,Fa,Gd,N,Partial,408339,108.0,3444.0,3.0,1981,1995.0,275.0,21.0,342.0,1825,406,1696,2,1,0,6,1983.0,0,138.0
465,8063,6,3,2019,1095,3170,5,1,0,0,26,11,2,CollgCr,SLvl,Gable,VinylSd,Gd,Ex,Y,Family,797559,65.0,8063.0,6.0,2019,,138.0,201.0,,1104,1247,3170,0,1,0,11,2019.0,0,26.0
466,7829,8,7,1978,1575,3412,6,1,1,1,248,9,0,Somerst,1.5Fin,Gable,CemntBd,TA,Ex,N,Normal,799779,86.0,7829.0,8.0,1978,1993.0,477.0,529.0,1575.0,1521,409,3412,0,1,1,9,1978.0,1,248.0
467,7951,5,9,2017,1371,3056,2,4,0,2,599,6,2,CollgCr,1.5Fin,Hip,Wd Sdng,TA,Ex,Y,Abnorml,865993,95.0,7951.0,5.0,2017,2036.0,287.0,454.0,1371.0,1343,1593,3056,1,4,0,6,2017.0,2,599.0
468,7803,8,5,1999,1829,3554,4,1,0,4,989,8,1,CollgCr,1.5Fin,Gable,MetalSd,Fa,TA,N,Family,919289,48.0,7803.0,8.0,1999,2013.0,356.0,1045.0,1829.0,2307,538,3554,2,1,0,8,2001.0,4,989.0
469,18770,9,8,1967,1007,2169,4,4,2,4,1006,10,1,Sawyer,1Story,Flat,BrkFace,Gd,Ex,Y,Partial,795932,82.0,18770.0,9.0,1967,1980.0,139.0,1529.0,1007.0,1627,1702,2169,0,4,2,10,1969.0,4,1006.0
470,9661,3,8,2021,1941,1147,1,1,1,2,475,5,3,OldTown,SLvl,Gable,MetalSd,Gd,Ex,Y,Normal,602939,119.0,9661.0,3.0,2021,2029.0,70.0,,1941.0,1481,1071,1147,2,1,1,5,2022.0,2,475.0
471,7688,9,3,2004,1522,821,6,1,2,4,898,11,1,NAmes,2Story,Hip,MetalSd,Ex,Gd,Y,Normal,634419,80.0,7688.0,,2004,2010.0,55.0,1142.0,1522.0,624,413,821,2,1,2,11,2005.0,4,898.0
472,16647,5,5,2010,573,3664,5,3,1,3,746,10,0,Somerst,1Story,Gable,VinylSd,Ex,Gd,Y,Normal,902594,55.0,16647.0,5.0,2010,2026.0,315.0,1188.0,573.0,679,733,3664,0,3,1,10,2012.0,3,746.0
473,16881,10,7,2023,2055,1853,6,2,1,1,289,8,3,OldTown,2Story,Hip,CemntBd,Ex,Gd,N,Abnorml,894860,78.0,16881.0,10.0,2023,2026.0,379.0,1408.0,2055.0,1072,1440,1853,2,2,1,8,2025.0,1,289.0
474,5529,10,10,1990,1659,3988,4,2,0,2,605,9,1,Somerst,1Story,Gable,VinylSd,TA,TA,Y,Abnorml,1002293,104.0,5529.0,10.0,1990,,300.0,1178.0,1659.0,1284,839,3988,2,2,0,9,1992.0,2,605.0
475,8333,4,4,1977,2445,644,3,2,2,1,383,5,1,Somerst,1Story,Flat,CemntBd,Ex,Fa,Y,Normal,438069,79.0,8333.0,4.0,1977,1990.0,122.0,452.0,2445.0,781,604,644,1,2,2,5,1977.0,1,383.0
476,6054,7,3,1995,1156,2230,5,2,1,3,751,8,0,NridgHt,SLvl,Flat,CemntBd,Ex,Gd,Y,Family,695641,92.0,6054.0,7.0,1995,1998.0,124.0,912.0,1156.0,1358,328,2230,2,2,1,8,1995.0,3,751.0
477,4225,7,5,1969,1896,922,6,1,2,1,275,9,1,NridgHt,SLvl,Gable,Wd Sdng,TA,TA,N,Normal,494261,81.0,4225.0,7.0,1969,1978.0,25.0,766.0,1896.0,908,80,922,1,1,2,9,1970.0,1,275.0
478,15701,6,6,1959,624,2922,6,4,0,0,36,10,0,Mitchel,1Story,Hip,Wd Sdng,Gd,TA,Y,Normal,711243,91.0,15701.0,6.0,1959,1977.0,342.0,801.0,624.0,1816,1122,2922,1,4,0,10,1960.0,0,36.0
479,14905,8,4,1959,733,3510,4,3,1,2,553,7,0,Mitchel,1Story,Hip,Wd Sdng,Fa,Fa,,Family,843519,77.0,14905.0,8.0,1959,1974.0,463.0,948.0,733.0,2311,1016,3510,0,3,1,7,1960.0,2,553.0
480,19792,8,8,1960,1692,2672,4,3,2,0,158,6,1,NAmes,2Story,Gable,Wd Sdng,Fa,Gd,N,Normal,790229,110.0,19792.0,8.0,1960,1976.0,271.0,1581.0,,2132,425,2672,2,3,2,6,1960.0,0,158.0
481,15721,10,4,1994,1908,2518,6,4,0,0,46,8,3,Sawyer,2Story,Hip,Wd Sdng,Ex,TA,N,Family,865401,56.0,15721.0,10.0,1994,2003.0,115.0,1391.0,1908.0,1576,1409,2518,2,4,0,8,1994.0,0,46.0
482,18604,4,7,2008,156,2832,2,4,0,1,301,8,0,Sawyer,1Story,Hip,BrkFace,Fa,Gd,Y,Abnorml,739827,64.0,18604.0,4.0,2008,2009.0,326.0,1205.0,156.0,1010,984,2832,1,4,0,8,2009.0,1,301.0
483,16858,7,7,1972,342,1180,1,3,1,0,76,6,3,Edwards,1.5Fin,Gable,VinylSd,Ex,Fa,N,Partial,547100,93.0,16858.0,7.0,1972,1979.0,119.0,1414.0,342.0,1791,677,1180,0,3,1,6,1972.0,0,76.0
484,9507,8,9,2011,1947,2793,6,2,2,3,750,12,3,NAmes,2Story,Gable,CemntBd,Gd,TA,N,Normal,886010,88.0,9507.0,8.0,2011,2023.0,26.0,1024.0,1947.0,2142,480,2793,1,2,2,12,2012.0,3,750.0
485,18029,5,10,1990,465,3844,6,4,1,4,880,11,1,Mitchel,1Story,Gable,MetalSd,,Fa,,Family,935893,62.0,18029.0,5.0,1990,2009.0,51.0,308.0,465.0,1613,5,3844,1,4,1,11,1992.0,4,880.0
486,14406,6,6,2023,58,2116,3,1,1,2,568,5,3,Mitchel,SLvl,Hip,Wd Sdng,TA,Fa,N,Normal,701308,118.0,14406.0,6.0,2023,2024.0,211.0,706.0,58.0,2127,26,2116,1,1,1,5,2025.0,2,568.0
487,18034,9,8,1972,2264,3036,2,4,1,2,608,7,2,CollgCr,1Story,Gable,VinylSd,Ex,Fa,Y,Family,978512,112.0,18034.0,9.0,1972,1972.0,169.0,50.0,2264.0,539,1375,3036,2,4,1,7,1972.0,2,
488,6267,10,3,1987,1722,1467,2,4,2,3,689,5,3,CollgCr,1.5Fin,Hip,BrkFace,Fa,Ex,N,Abnorml,719775,78.0,6267.0,10.0,1987,1993.0,367.0,988.0,1722.0,1283,182,1467,2,4,2,5,1989.0,3,689.0
489,12293,7,7,1989,1698,3357,2,1,1,0,3,4,1,NridgHt,1.5Fin,Hip,MetalSd,Fa,Gd,N,Abnorml,852615,91.0,12293.0,7.0,1989,1998.0,241.0,214.0,1698.0,2101,226,3357,2,1,1,4,1990.0,0,3.0
490,15888,3,9,1966,1599,3582,2,4,1,4,920,7,1,CollgCr,2Story,Flat,VinylSd,Fa,TA,Y,Partial,832286,110.0,15888.0,3.0,1966,1972.0,51.0,605.0,1599.0,1960,1710,3582,2,4,1,7,1967.0,4,920.0
491,6055,4,3,2005,47,3175,5,2,0,4,1019,7,3,NAmes,2Story,Hip,Wd Sdng,Gd,Gd,Y,Partial,727677,40.0,6055.0,4.0,2005,2009.0,348.0,851.0,47.0,1235,1175,3175,0,2,0,7,2005.0,4,1019.0
492,11036,9,7,1956,1126,939,2,1,2,4,906,4,3,CollgCr,1Story,Gable,Wd Sdng,TA,Gd,Y,Normal,599496,78.0,11036.0,9.0,1956,1964.0,394.0,175.0,1126.0,1482,1370,939,1,1,2,4,1957.0,4,906.0
493,14842,6,9,1962,2011,3858,1,4,0,3,820,3,1,Sawyer,SLvl,Hip,BrkFace,Gd,Gd,N,Normal,909706,76.0,14842.0,6.0,1962,1971.0,70.0,237.0,2011.0,1615,1011,3858,0,4,0,3,1964.0,3,820.0
494,4030,4,8,1994,1982,3114,5,1,0,4,945,7,1,NAmes,1Story,Flat,CemntBd,Gd,Gd,N,Normal,741648,66.0,4030.0,4.0,1994,2004.0,2.0,1702.0,1982.0,2100,305,3114,1,1,0,7,1995.0,4,945.0
495,3966,8,5,1978,341,3580,6,2,1,2,563,9,0,NridgHt,1.5Fin,Hip,BrkFace,Fa,Fa,Y,Partial,789066,95.0,3966.0,8.0,1978,1981.0,493.0,1495.0,341.0,1492,184,3580,1,2,1,9,1980.0,2,563.0
496,9484,7,9,1963,2390,3848,5,3,0,1,344,10,3,Sawyer,1.5Fin,Hip,CemntBd,Ex,Fa,N,Abnorml,923882,114.0,9484.0,7.0,1963,1963.0,281.0,290.0,2390.0,1204,1596,3848,0,3,0,10,1963.0,1,344.0
497,14564,8,4,2007,685,4243,1,3,2,3,735,7,2,Sawyer,1Story,Gable,MetalSd,TA,Fa,Y,Partial,1037196,117.0,14564.0,8.0,2007,2022.0,500.0,713.0,685.0,2369,1047,4243,0,3,2,7,2007.0,3,735.0
498,5380,6,8,1997,594,3792,3,1,0,2,616,5,2,Edwards,SLvl,Flat,Wd Sdng,,Ex,N,Partial,847149,81.0,5380.0,6.0,1997,2010.0,475.0,638.0,594.0,1658,153,3792,1,1,0,5,1998.0,2,
499,9952,6,4,2021,1138,3533,5,1,2,3,834,10,2,NridgHt,2Story,Gable,VinylSd,Fa,Fa,Y,Partial,906908,99.0,9952.0,6.0,2021,2026.0,80.0,702.0,1138.0,1528,1481,3533,2,1,2,10,2023.0,3,834.0
500,6907,4,10,1971,2463,1938,5,4,0,4,885,9,0,NAmes,SLvl,Hip,MetalSd,Fa,Ex,Y,Partial,668263,96.0,6907.0,4.0,1971,1975.0,208.0,932.0,2463.0,1158,1481,1938,2,4,0,9,1971.0,4,885.0
501,3533,4,10,1962,1700,3562,3,3,1,2,542,5,2,Mitchel,1Story,Hip,Wd Sdng,Fa,Fa,Y,Partial,783237,96.0,3533.0,4.0,1962,1974.0,334.0,1606.0,1700.0,1295,207,3562,1,3,1,5,1963.0,2,
502,6366,3,6,1956,42,1168,1,3,2,3,717,4,0,Edwards,1.5Fin,Flat,VinylSd,Ex,TA,Y,Normal,360771,67.0,6366.0,3.0,1956,1973.0,478.0,423.0,42.0,1053,524,1168,1,3,2,4,1957.0,3,717.0
503,12970,4,7,1992,1554,1705,6,2,0,4,997,8,1,NridgHt,2Story,Flat,BrkFace,Fa,Ex,Y,Family,656746,105.0,12970.0,4.0,1992,1999.0,450.0,1067.0,1554.0,868,1319,1705,0,2,0,8,1994.0,4,997.0
504,19059,7,8,2011,925,976,3,3,2,0,90,9,1,Edwards,1Story,Gable,BrkFace,Ex,Gd,Y,Abnorml,653329,100.0,19059.0,7.0,2011,2027.0,449.0,989.0,925.0,553,473,976,0,3,2,9,2013.0,0,90.0
505,15617,6,10,1963,1394,1454,5,3,1,3,827,8,0,OldTown,2Story,Hip,BrkFace,Fa,Gd,N,Abnorml,588870,61.0,15617.0,6.0,1963,1980.0,243.0,713.0,1394.0,1153,935,1454,2,3,1,8,1963.0,3,827.0
506,12104,9,5,1989,2364,3255,1,2,1,0,28,4,0,Mitchel,2Story,Hip,VinylSd,Fa,Fa,N,Partial,871918,50.0,12104.0,9.0,1989,2000.0,244.0,,2364.0,1722,606,3255,2,2,1,4,1991.0,0,28.0
507,5754,8,9,1977,616,2225,5,4,2,2,453,10,2,NridgHt,1Story,Gable,BrkFace,Fa,Gd,N,Abnorml,704074,76.0,5754.0,8.0,1977,1979.0,333.0,199.0,616.0,948,540,2225,0,4,2,10,1979.0,2,453.0
508,8788,7,10,2016,1775,1047,6,1,2,1,248,9,0,NAmes,1Story,Flat,Wd Sdng,Gd,Ex,Y,Partial,617134,105.0,8788.0,7.0,2016,2028.0,102.0,897.0,1775.0,560,950,1047,2,1,2,9,2018.0,1,248.0
509,16256,9,9,1962,900,3606,6,3,1,1,263,9,2,Somerst,1.5Fin,Flat,VinylSd,Ex,Gd,N,Partial,934440,119.0,16256.0,9.0,1962,1963.0,387.0,1478.0,900.0,2334,102,3606,2,3,1,9,1964.0,1,263.0
510,10819,5,8,1958,682,1367,3,4,0,0,170,8,3,NridgHt,1Story,Gable,Wd Sdng,Ex,Gd,Y,Partial,517276,82.0,10819.0,5.0,1958,1971.0,493.0,1426.0,682.0,2160,204,1367,0,4,0,8,1958.0,0,170.0
511,3032,10,6,2010,448,785,1,3,0,4,1008,4,1,CollgCr,1Story,Hip,Wd Sdng,Fa,Fa,N,Partial,620549,51.0,3032.0,10.0,2010,2010.0,147.0,926.0,448.0,2094,1665,785,2,3,0,4,2010.0,4,1008.0
512,18941,7,8,2008,55,3990,3,3,2,2,572,9,3,CollgCr,1.5Fin,Flat,CemntBd,Ex,Gd,N,Abnorml,1015983,70.0,18941.0,7.0,2008,2022.0,,653.0,55.0,1075,357,3990,0,3,2,9,2008.0,2,572.0
513,7641,8,10,1953,1000,2965,6,4,1,1,242,9,3,CollgCr,1.5Fin,Flat,CemntBd,Fa,Gd,N,Partial,767751,79.0,7641.0,8.0,1953,1955.0,146.0,137.0,1000.0,619,1790,2965,1,4,1,9,,1,242.0
514,15813,9,7,1989,780,768,5,3,2,0,110,10,2,Somerst,1Story,Gable,BrkFace,Gd,Fa,Y,Partial,627419,68.0,15813.0,9.0,1989,1999.0,330.0,614.0,780.0,2156,80,768,2,3,2,10,1990.0,0,110.0
515,8328,7,10,1986,264,3875,3,1,1,0,55,7,0,NAmes,SLvl,Hip,VinylSd,Fa,TA,Y,Normal,833485,65.0,8328.0,7.0,1986,2004.0,30.0,91.0,264.0,1466,1745,3875,0,1,1,7,1987.0,0,55.0
516,7512,8,7,2014,2296,1235,1,3,0,1,330,7,0,Somerst,2Story,Gable,BrkFace,TA,Gd,N,Family,666988,58.0,7512.0,8.0,2014,2027.0,464.0,1659.0,2296.0,1584,595,1235,2,3,0,7,2016.0,1,330.0
517,6215,7,7,1989,709,2909,4,3,2,1,394,7,2,OldTown,SLvl,Flat,MetalSd,TA,TA,Y,Partial,782521,43.0,6215.0,7.0,1989,2007.0,393.0,1455.0,709.0,1232,737,2909,1,3,2,7,1991.0,1,394.0
518,18111,5,9,2005,393,1167,5,4,2,2,568,9,3,NridgHt,SLvl,Hip,BrkFace,Fa,Fa,Y,Normal,643046,,18111.0,5.0,2005,2017.0,45.0,235.0,393.0,2070,1641,1167,1,4,2,9,2005.0,2,568.0
519,5897,5,7,1981,2377,2697,3,2,2,4,1024,7,0,Sawyer,2Story,Hip,VinylSd,Fa,Fa,Y,Normal,725601,71.0,5897.0,5.0,1981,2001.0,333.0,46.0,2377.0,1696,1386,2697,1,2,2,7,1981.0,4,1024.0
520,11853,4,8,1962,1190,2916,4,3,0,0,149,10,0,Edwards,2Story,Flat,BrkFace,Gd,Gd,Y,Partial,685460,100.0,11853.0,4.0,1962,1975.0,293.0,1739.0,1190.0,976,640,2916,0,3,0,10,,0,149.0
521,13187,3,10,1975,469,875,1,2,2,0,133,3,1,Edwards,1Story,Hip,VinylSd,Fa,Fa,Y,Normal,414192,118.0,13187.0,3.0,1975,1984.0,118.0,702.0,469.0,2494,872,875,0,2,2,3,1976.0,0,133.0
522,16256,10,5,1980,2239,1666,5,4,2,4,911,10,1,NAmes,2Story,Gable,MetalSd,Gd,Gd,N,Family,800828,49.0,16256.0,10.0,1980,1983.0,273.0,,2239.0,826,1512,1666,1,4,2,10,1981.0,4,911.0
523,12484,4,10,1997,1127,2202,4,1,1,3,768,7,0,Somerst,SLvl,Gable,CemntBd,Fa,Ex,N,Normal,679466,98.0,12484.0,4.0,1997,2009.0,378.0,223.0,1127.0,705,237,2202,2,1,1,7,1998.0,3,768.0
524,17564,3,8,1967,1916,4214,6,4,1,0,40,10,1,NridgHt,SLvl,Flat,VinylSd,Gd,Gd,N,Partial,879836,93.0,17564.0,3.0,1967,1967.0,370.0,1386.0,1916.0,1007,194,4214,2,4,1,10,1968.0,0,40.0
525,7588,7,7,2000,279,4352,6,4,1,3,815,9,2,OldTown,1.5Fin,Flat,CemntBd,TA,Fa,Y,Normal,964467,120.0,7588.0,7.0,2000,2010.0,435.0,1638.0,279.0,1845,1743,4352,1,4,1,9,2000.0,3,815.0
526,8215,6,4,1963,2045,4426,6,4,1,1,280,8,1,Sawyer,SLvl,Gable,VinylSd,TA,Ex,Y,Normal,927321,113.0,8215.0,6.0,1963,1968.0,479.0,336.0,2045.0,993,1552,4426,1,4,1,8,1964.0,1,280.0
527,15265,3,5,1991,440,3461,4,4,0,4,1022,7,1,Somerst,SLvl,Hip,Wd Sdng,,Gd,Y,Family,816747,64.0,15265.0,3.0,1991,2010.0,19.0,1516.0,440.0,1045,93,3461,2,4,0,7,1992.0,4,1022.0
528,9301,4,3,1962,833,736,2,1,1,3,805,8,0,NridgHt,2Story,Flat,CemntBd,Fa,Gd,Y,Family,381704,89.0,9301.0,4.0,1962,1976.0,467.0,499.0,833.0,1592,19,736,1,1,1,8,1964.0,3,805.0
529,14537,8,5,1958,1797,2351,6,4,0,4,900,9,2,CollgCr,1Story,Hip,MetalSd,Ex,TA,Y,Abnorml,784635,103.0,14537.0,8.0,1958,1969.0,471.0,1056.0,1797.0,2171,1744,2351,2,4,0,9,1960.0,4,900.0
530,11237,9,8,1958,646,1779,1,2,2,4,1008,5,3,,1Story,Flat,BrkFace,TA,Ex,Y,Partial,698529,91.0,11237.0,9.0,1958,1960.0,89.0,357.0,646.0,2120,283,1779,1,2,2,5,1958.0,4,1008.0
531,11548,6,8,1957,570,1436,5,3,2,0,60,10,0,NAmes,1.5Fin,Gable,BrkFace,Ex,Fa,Y,Partial,537562,71.0,11548.0,6.0,1957,1970.0,213.0,1130.0,570.0,2378,1358,1436,2,3,2,10,1958.0,0,60.0
532,4367,4,3,2013,2079,1522,6,3,1,3,737,9,0,NAmes,1Story,Gable,CemntBd,Fa,Ex,N,Normal,579377,58.0,4367.0,4.0,2013,2016.0,451.0,327.0,2079.0,2009,1325,1522,1,3,1,9,2013.0,3,737.0
533,15361,5,9,2004,2250,1164,1,4,0,4,974,5,1,NridgHt,SLvl,Gable,MetalSd,Gd,Ex,Y,Abnorml,690866,40.0,15361.0,5.0,2004,2011.0,428.0,677.0,2250.0,614,349,1164,2,4,0,5,2005.0,4,974.0
534,4500,3,6,1957,313,832,2,4,0,2,451,6,2,Edwards,1.5Fin,Gable,CemntBd,Fa,Fa,Y,Normal,330400,53.0,4500.0,3.0,1957,1970.0,90.0,1146.0,313.0,2064,673,832,1,4,0,6,1959.0,2,451.0
535,11198,6,10,1995,902,2416,6,3,1,4,954,9,2,NridgHt,1Story,Gable,Wd Sdng,Fa,Fa,N,Normal,755018,94.0,11198.0,6.0,1995,2013.0,478.0,873.0,902.0,2441,732,2416,0,3,1,9,1996.0,4,954.0
536,7493,6,7,2020,863,1102,3,2,0,1,398,8,3,CollgCr,1Story,Hip,VinylSd,TA,TA,N,Partial,554940,68.0,7493.0,6.0,2020,2032.0,470.0,946.0,863.0,949,896,1102,1,2,0,8,2022.0,1,398.0
537,4956,7,9,2013,77,4133,4,4,1,0,57,7,3,OldTown,SLvl,Flat,VinylSd,TA,Ex,N,Normal,943685,62.0,4956.0,7.0,2013,2029.0,18.0,474.0,77.0,1679,1273,4133,2,4,1,7,2013.0,0,57.0
538,14017,7,6,1953,1396,3572,5,4,1,0,27,11,3,Somerst,SLvl,Hip,CemntBd,TA,Gd,N,Family,862867,106.0,14017.0,7.0,1953,1955.0,428.0,1633.0,1396.0,2233,549,3572,2,4,1,11,1954.0,0,27.0
539,10806,5,3,1985,1123,950,2,3,1,4,981,4,2,NridgHt,1.5Fin,Flat,Wd Sdng,Ex,Ex,N,Partial,510476,99.0,10806.0,5.0,1985,1997.0,203.0,829.0,1123.0,2133,1799,950,1,3,1,4,1985.0,4,981.0
540,8858,10,10,1952,1801,636,4,1,1,3,823,10,1,Sawyer,1Story,Flat,VinylSd,TA,TA,Y,Family,554886,46.0,8858.0,10.0,1952,1961.0,403.0,1289.0,1801.0,1295,1501,636,0,1,1,10,1952.0,3,823.0
541,11454,7,7,2013,521,1531,6,2,0,4,1047,8,1,,1Story,Gable,CemntBd,Fa,TA,Y,Abnorml,664064,111.0,11454.0,7.0,2013,2023.0,253.0,377.0,521.0,1226,190,1531,1,2,0,8,2013.0,4,1047.0
542,11488,7,3,1995,2213,3542,1,2,1,0,19,7,3,CollgCr,1Story,Gable,MetalSd,TA,TA,N,Normal,906489,71.0,11488.0,7.0,1995,2002.0,95.0,381.0,,2415,763,3542,2,2,1,7,1997.0,0,19.0
543,16974,7,5,1953,1337,3086,3,3,1,2,560,7,0,OldTown,1.5Fin,Gable,Wd Sdng,Gd,Ex,Y,Abnorml,791878,55.0,16974.0,7.0,1953,1963.0,479.0,1311.0,1337.0,2218,1669,3086,2,3,1,7,1954.0,2,560.0
544,19737,8,6,1998,2386,733,6,2,1,0,19,9,3,CollgCr,1Story,Flat,BrkFace,Fa,TA,N,Abnorml,665991,98.0,19737.0,8.0,1998,2003.0,383.0,1346.0,2386.0,2231,701,733,1,2,1,9,,0,19.0
545,12603,6,8,1981,1482,1545,4,3,2,0,177,7,3,Sawyer,1.5Fin,Gable,Wd Sdng,Ex,TA,N,Abnorml,623111,57.0,12603.0,6.0,1981,1983.0,492.0,885.0,1482.0,855,374,1545,1,3,2,7,1983.0,0,177.0
546,16724,6,5,2018,1003,3780,4,2,2,2,513,8,2,CollgCr,1Story,Hip,BrkFace,Gd,Fa,Y,Abnorml,972206,99.0,16724.0,6.0,2018,2034.0,446.0,810.0,1003.0,860,233,3780,1,2,2,8,2018.0,2,
547,3508,5,4,2003,1078,3735,5,4,2,0,32,7,3,NAmes,2Story,Gable,MetalSd,Fa,Fa,N,Abnorml,818744,107.0,3508.0,5.0,2003,,474.0,59.0,1078.0,984,820,3735,2,4,2,7,2003.0,0,32.0
548,10911,7,4,1993,1378,3022,5,1,2,0,18,9,3,Sawyer,SLvl,Flat,BrkFace,TA,Fa,Y,Abnorml,826164,111.0,10911.0,7.0,1993,1996.0,148.0,1510.0,1378.0,1713,819,3022,1,1,2,9,1995.0,0,18.0
549,19691,4,5,1950,2431,3029,3,4,1,2,552,6,2,CollgCr,2Story,Hip,BrkFace,TA,Ex,N,Partial,770866,116.0,19691.0,4.0,1950,1966.0,448.0,1257.0,2431.0,1151,934,3029,2,4,1,6,1950.0,2,552.0
550,15585,8,5,1968,171,3934,6,2,1,4,951,12,2,CollgCr,1.5Fin,Hip,MetalSd,Ex,TA,,Family,919739,80.0,15585.0,,1968,1984.0,19.0,404.0,,2151,556,3934,1,2,1,12,1968.0,4,951.0
551,10328,5,7,1983,2482,3686,1,2,2,2,476,3,1,OldTown,1Story,Flat,VinylSd,Gd,Ex,N,Normal,867776,96.0,10328.0,5.0,1983,1989.0,4.0,920.0,2482.0,2011,1711,3686,2,2,2,3,1985.0,2,476.0
552,9656,7,9,2006,2133,1116,4,3,0,0,113,9,3,Somerst,1Story,Gable,Wd Sdng,Ex,TA,Y,Abnorml,678979,118.0,9656.0,7.0,2006,2017.0,152.0,,2133.0,1928,789,1116,0,3,0,9,2006.0,0,113.0
553,5436,8,5,2014,1373,1730,4,1,2,2,449,9,0,,2Story,Flat,VinylSd,,Gd,Y,Family,672902,104.0,5436.0,8.0,2014,2025.0,290.0,879.0,1373.0,1234,1412,1730,2,1,2,9,,2,449.0
554,9411,7,10,1969,1984,3933,2,4,1,1,270,4,1,NAmes,SLvl,Gable,BrkFace,Gd,Gd,Y,Family,955153,94.0,9411.0,7.0,1969,1989.0,308.0,796.0,1984.0,2371,1742,3933,0,4,1,4,1969.0,1,270.0
555,11620,9,6,1994,1983,2772,6,2,1,1,294,11,3,Sawyer,1.5Fin,Flat,BrkFace,TA,Ex,Y,Normal,904442,110.0,11620.0,9.0,1994,1998.0,54.0,9.0,1983.0,1711,979,2772,2,2,1,11,1995.0,1,294.0
556,12413,9,10,1991,1013,3313,4,1,0,3,741,6,2,Sawyer,2Story,Hip,BrkFace,Fa,Gd,Y,Partial,925851,97.0,12413.0,9.0,1991,1998.0,475.0,1443.0,1013.0,557,1638,3313,0,1,0,6,1993.0,3,741.0
557,19629,6,9,1957,2303,3761,3,3,2,2,545,8,3,Sawyer,SLvl,Hip,VinylSd,TA,Fa,Y,Partial,972997,60.0,19629.0,6.0,1957,1960.0,171.0,439.0,2303.0,1940,863,3761,1,3,2,8,1957.0,2,545.0
558,4495,7,10,2002,906,2944,2,2,2,0,157,8,2,OldTown,1Story,Flat,VinylSd,Fa,Ex,N,Partial,783794,100.0,4495.0,7.0,2002,2006.0,145.0,421.0,906.0,1934,1328,2944,2,2,2,8,2003.0,0,157.0
559,5079,3,6,1996,2193,1412,2,4,2,1,294,5,2,NridgHt,SLvl,Gable,CemntBd,Gd,Ex,Y,Normal,577956,,,3.0,1996,2004.0,232.0,570.0,2193.0,1220,1632,1412,0,4,2,5,1997.0,1,294.0
560,6359,9,10,1955,642,1759,3,1,0,1,228,7,0,Sawyer,SLvl,Gable,Wd Sdng,Ex,Ex,Y,Family,569024,73.0,6359.0,9.0,1955,1961.0,328.0,1540.0,642.0,2440,341,1759,0,1,0,7,1956.0,1,228.0
561,3483,5,4,2000,795,4005,5,3,1,3,791,7,2,Somerst,SLvl,Gable,VinylSd,TA,Fa,N,Partial,852472,71.0,3483.0,5.0,2000,2005.0,278.0,1441.0,795.0,1662,231,4005,0,3,1,7,2000.0,3,791.0
562,6049,6,9,2021,1140,2579,3,2,1,0,127,8,2,CollgCr,SLvl,Gable,CemntBd,Ex,Fa,Y,Family,761710,75.0,6049.0,6.0,2021,2040.0,268.0,1656.0,1140.0,1654,271,2579,2,2,1,8,2022.0,0,127.0
563,18623,4,7,1992,588,3916,6,1,0,4,923,9,3,Edwards,1Story,Gable,BrkFace,Fa,Gd,Y,Family,901354,106.0,18623.0,4.0,1992,1996.0,252.0,1630.0,588.0,791,1425,3916,1,1,0,9,1992.0,4,
564,16495,7,8,1969,149,1916,6,4,0,2,616,9,3,Mitchel,1.5Fin,Flat,MetalSd,TA,Fa,N,Normal,653189,102.0,16495.0,7.0,1969,1989.0,455.0,128.0,149.0,1653,1487,1916,1,4,0,9,1971.0,2,616.0
565,16949,4,9,1966,55,1263,5,1,0,1,332,7,0,Sawyer,SLvl,Gable,CemntBd,Fa,Gd,N,Family,426585,120.0,16949.0,4.0,1966,1968.0,480.0,1182.0,55.0,2442,120,1263,2,1,0,7,1968.0,1,332.0
566,12723,4,9,1987,1110,2740,3,3,2,1,256,7,1,NridgHt,1.5Fin,Hip,BrkFace,Gd,TA,Y,Abnorml,735953,70.0,12723.0,,1987,1992.0,68.0,208.0,1110.0,885,1729,2740,2,3,2,7,1987.0,1,256.0
567,18527,3,8,2003,734,1215,4,1,0,2,619,7,1,CollgCr,SLvl,Hip,VinylSd,Ex,Fa,Y,Normal,548019,75.0,18527.0,3.0,2003,2023.0,435.0,1637.0,,2213,326,1215,2,1,0,7,2003.0,2,619.0
568,10406,8,3,1974,1124,1764,4,3,1,4,983,8,1,,2Story,Gable,MetalSd,TA,Gd,N,Normal,643959,96.0,10406.0,8.0,1974,1989.0,258.0,1785.0,1124.0,2159,212,1764,2,3,1,8,1976.0,4,983.0
569,15548,8,7,2010,857,1288,1,2,0,0,157,4,1,OldTown,SLvl,Gable,Wd Sdng,Ex,Ex,Y,Family,666722,49.0,15548.0,8.0,2010,2024.0,239.0,1099.0,857.0,2305,852,1288,2,2,0,4,2012.0,0,157.0
570,18456,8,7,2014,480,1586,5,4,1,3,840,10,2,Somerst,1.5Fin,Flat,VinylSd,Gd,Gd,N,Abnorml,766711,76.0,18456.0,8.0,2014,2032.0,139.0,382.0,480.0,2487,1209,1586,0,4,1,10,2015.0,3,840.0
571,17471,10,7,1965,2285,4285,4,3,0,0,93,9,2,Sawyer,2Story,Flat,CemntBd,Gd,Fa,N,Abnorml,1080997,70.0,17471.0,10.0,1965,1983.0,,749.0,2285.0,1508,988,4285,0,3,0,9,1967.0,0,93.0
572,3349,6,10,1996,2154,1398,1,3,1,0,94,5,0,Somerst,1Story,Flat,Wd Sdng,Fa,Fa,Y,Partial,587012,74.0,3349.0,6.0,1996,2010.0,414.0,667.0,2154.0,1610,1643,1398,1,3,1,5,1997.0,0,94.0
573,4875,3,10,2008,2008,1311,4,1,0,2,447,10,1,OldTown,2Story,Gable,BrkFace,Ex,Ex,N,Normal,523843,82.0,4875.0,3.0,2008,2026.0,57.0,403.0,2008.0,1132,1165,1311,2,1,0,10,2010.0,2,447.0
574,6194,7,6,1952,1362,4029,6,3,2,1,370,10,0,Sawyer,SLvl,Flat,VinylSd,Ex,Gd,Y,Partial,820416,80.0,6194.0,7.0,1952,1972.0,169.0,937.0,1362.0,859,1389,4029,0,3,2,10,1954.0,1,370.0
575,8655,10,3,1985,2492,1413,6,4,0,0,79,10,2,CollgCr,1.5Fin,Hip,CemntBd,Ex,Fa,Y,Normal,688645,,8655.0,10.0,1985,2005.0,83.0,,2492.0,1504,897,1413,0,4,0,10,1985.0,0,79.0
576,8980,4,5,1990,2421,3166,1,2,0,1,383,5,3,CollgCr,2Story,Hip,MetalSd,Gd,TA,Y,Family,807797,50.0,8980.0,4.0,1990,2009.0,374.0,537.0,2421.0,577,371,3166,0,2,0,5,1992.0,1,383.0
577,12406,5,7,1967,2314,1892,4,2,0,2,491,7,2,Somerst,SLvl,Hip,VinylSd,Fa,TA,N,Partial,650128,57.0,12406.0,5.0,1967,1977.0,234.0,1373.0,2314.0,684,1251,1892,1,2,0,7,1969.0,2,491.0
578,17734,5,3,2024,1579,1237,5,2,2,3,748,9,1,NridgHt,1.5Fin,Gable,CemntBd,Gd,TA,Y,Family,660403,59.0,17734.0,5.0,2024,2044.0,331.0,1766.0,1579.0,615,777,1237,2,2,2,9,2026.0,3,748.0
579,4030,4,5,2010,572,2513,5,3,1,4,976,11,0,NridgHt,1Story,Flat,Wd Sdng,Ex,Gd,N,Family,656695,69.0,4030.0,4.0,2010,2020.0,131.0,1002.0,572.0,976,1595,2513,1,3,1,11,2010.0,4,976.0
580,14032,4,5,1995,1254,1266,4,2,0,3,817,9,3,Sawyer,SLvl,Gable,Wd Sdng,TA,TA,N,Family,560674,89.0,14032.0,4.0,1995,1999.0,367.0,1080.0,1254.0,1732,734,1266,0,2,0,9,1996.0,3,817.0
581,4314,6,4,2003,1744,3770,3,4,2,0,41,9,1,Somerst,2Story,Flat,MetalSd,Gd,TA,Y,Normal,868992,59.0,4314.0,6.0,2003,2017.0,,1308.0,1744.0,948,1252,3770,0,4,2,9,2005.0,0,
582,7635,8,10,2000,677,2486,1,2,0,1,297,5,0,OldTown,2Story,Gable,BrkFace,Ex,Gd,Y,Partial,730149,67.0,7635.0,8.0,2000,2002.0,7.0,641.0,677.0,540,59,2486,1,2,0,5,2002.0,1,297.0
583,18641,5,8,1962,1928,2852,6,4,2,1,340,11,3,Edwards,1Story,Hip,MetalSd,TA,Gd,N,Partial,783725,48.0,18641.0,5.0,1962,1977.0,377.0,1222.0,1928.0,1578,1766,2852,0,4,2,11,1964.0,1,340.0
584,16913,9,4,1994,2000,3343,6,1,0,4,925,9,2,NridgHt,1.5Fin,Flat,VinylSd,Fa,Ex,Y,Abnorml,993602,93.0,16913.0,9.0,1994,2008.0,172.0,795.0,2000.0,1478,1401,3343,1,1,0,9,1994.0,4,925.0
585,9159,3,6,1988,1783,980,3,4,2,1,328,6,2,Somerst,SLvl,Flat,BrkFace,,TA,N,Abnorml,468076,92.0,9159.0,3.0,1988,2008.0,404.0,1251.0,1783.0,501,1717,980,0,4,2,6,1989.0,1,328.0
586,16048,4,10,1960,1418,3410,6,1,2,3,663,9,2,OldTown,SLvl,Flat,BrkFace,Ex,Fa,N,Family,769690,82.0,16048.0,4.0,1960,1969.0,151.0,803.0,1418.0,1179,1489,3410,2,1,2,9,1960.0,3,663.0
587,12927,9,7,1964,2472,3905,4,3,1,2,576,8,0,OldTown,SLvl,Flat,BrkFace,Ex,Gd,Y,Partial,1011252,109.0,12927.0,9.0,1964,1972.0,290.0,1202.0,2472.0,2379,267,3905,0,3,1,8,1964.0,2,576.0
588,11448,6,10,2005,198,2503,3,1,0,3,777,7,0,NridgHt,1.5Fin,Hip,Wd Sdng,TA,Ex,N,Abnorml,715195,99.0,11448.0,6.0,2005,2023.0,345.0,233.0,198.0,1757,989,2503,2,1,0,7,2006.0,3,777.0
589,14694,9,3,2007,1329,1819,6,1,2,0,91,8,3,Edwards,2Story,Gable,CemntBd,Ex,Gd,Y,Family,753811,93.0,14694.0,9.0,2007,2008.0,387.0,712.0,1329.0,912,999,1819,1,1,2,8,2007.0,0,91.0
590,12001,8,10,1981,2144,2930,4,1,0,2,535,6,1,CollgCr,SLvl,Flat,VinylSd,TA,TA,N,Family,822912,47.0,12001.0,8.0,1981,1992.0,98.0,720.0,2144.0,2151,231,2930,1,1,0,6,1983.0,2,535.0
591,9027,7,4,2005,476,3850,2,3,1,4,1011,8,1,NAmes,1.5Fin,Flat,BrkFace,,Fa,N,Abnorml,908965,66.0,9027.0,7.0,2005,2021.0,89.0,1731.0,476.0,767,842,3850,2,3,1,8,2007.0,4,1011.0
592,19435,3,9,1973,1167,1716,1,4,0,0,106,4,2,Somerst,SLvl,Flat,Wd Sdng,Ex,Gd,Y,Normal,617240,93.0,19435.0,,1973,1975.0,312.0,937.0,1167.0,1197,902,1716,2,4,0,4,1974.0,0,106.0
593,13636,6,4,1986,2495,3987,4,4,2,4,964,10,3,Mitchel,1Story,Hip,Wd Sdng,TA,TA,N,Abnorml,1005655,89.0,13636.0,6.0,1986,1995.0,438.0,1264.0,2495.0,1968,94,3987,2,4,2,10,1986.0,4,964.0
594,19350,6,5,1999,1047,2250,1,1,2,3,803,5,0,Edwards,1.5Fin,Hip,Wd Sdng,TA,Fa,N,Normal,723162,114.0,19350.0,6.0,1999,2013.0,327.0,353.0,1047.0,863,129,2250,1,1,2,5,2000.0,3,803.0
595,8463,8,9,2003,95,3677,3,4,0,3,797,6,3,CollgCr,1Story,Hip,MetalSd,Gd,Ex,N,Abnorml,921170,42.0,8463.0,8.0,2003,2017.0,459.0,1666.0,95.0,2381,535,3677,2,4,0,6,2005.0,3,797.0
596,16143,9,8,1977,1712,4288,5,3,1,2,601,7,2,Sawyer,2Story,Hip,BrkFace,Fa,TA,N,Abnorml,1044578,113.0,16143.0,9.0,1977,1978.0,207.0,1379.0,1712.0,2143,1341,4288,2,3,1,7,1977.0,2,601.0
597,16108,7,3,2018,1368,3724,4,2,2,0,98,10,3,Sawyer,SLvl,Gable,VinylSd,Gd,Gd,Y,Family,945304,88.0,16108.0,7.0,2018,2019.0,423.0,1445.0,1368.0,2229,643,3724,0,2,2,10,2018.0,0,98.0
598,13650,6,5,2022,1932,3403,1,3,0,4,1047,6,1,OldTown,SLvl,Hip,MetalSd,Gd,Fa,Y,Partial,947173,101.0,13650.0,6.0,2022,2033.0,218.0,,1932.0,2278,25,3403,0,3,0,6,2023.0,4,1047.0
599,12600,4,3,1976,2365,2488,4,2,2,4,993,7,1,Mitchel,1Story,Flat,Wd Sdng,Gd,Gd,N,Normal,676186,40.0,12600.0,4.0,1976,1985.0,263.0,,2365.0,1162,1442,2488,2,2,2,7,1978.0,4,993.0
600,4059,9,10,1999,288,3807,4,3,2,4,910,10,0,Mitchel,SLvl,Flat,VinylSd,TA,Fa,Y,Partial,954651,85.0,4059.0,9.0,1999,2001.0,167.0,1258.0,288.0,621,1778,3807,1,3,2,10,2000.0,4,910.0
601,19762,10,9,1965,424,1197,3,1,2,1,313,8,2,OldTown,2Story,Hip,MetalSd,TA,Ex,N,Normal,648083,78.0,19762.0,10.0,1965,1985.0,44.0,1208.0,424.0,544,1388,1197,1,1,2,8,1967.0,1,313.0
602,19107,6,7,1993,1209,3422,4,3,1,2,585,8,0,OldTown,2Story,Flat,Wd Sdng,Ex,Gd,N,Partial,908776,89.0,19107.0,6.0,1993,1995.0,205.0,173.0,1209.0,802,1074,3422,0,3,1,8,1995.0,2,585.0
603,12542,7,5,2022,1248,2546,6,4,2,2,479,9,1,,SLvl,Hip,MetalSd,,Gd,N,Abnorml,845340,93.0,12542.0,7.0,2022,2041.0,342.0,1376.0,1248.0,1701,1571,2546,0,4,2,9,2023.0,2,479.0
604,3395,7,8,2015,2116,2262,4,2,1,1,370,10,2,NridgHt,SLvl,Hip,MetalSd,Fa,Gd,N,Family,724802,108.0,,7.0,2015,2034.0,48.0,274.0,2116.0,1943,1522,2262,2,2,1,10,2015.0,1,370.0
605,5121,8,6,1989,845,1518,2,3,2,0,166,5,2,Mitchel,SLvl,Flat,VinylSd,Gd,Gd,N,Normal,595776,,5121.0,8.0,1989,2005.0,94.0,641.0,845.0,2378,1180,1518,2,3,2,5,1989.0,0,166.0
606,6238,8,4,1984,2266,2790,6,1,0,3,805,12,1,Edwards,1.5Fin,Flat,MetalSd,Gd,Gd,N,Abnorml,764374,117.0,6238.0,8.0,1984,1996.0,71.0,241.0,2266.0,790,1482,2790,1,1,0,12,1985.0,3,805.0
607,11708,7,4,1974,260,4311,2,3,0,1,278,5,3,Mitchel,1Story,Flat,VinylSd,TA,Ex,Y,Family,898496,68.0,11708.0,7.0,1974,1988.0,244.0,488.0,260.0,2085,1157,4311,0,3,0,5,1976.0,1,278.0
608,17480,4,10,1975,409,2821,5,2,2,3,736,11,0,Sawyer,1Story,Flat,BrkFace,Gd,Fa,Y,Partial,754165,102.0,17480.0,4.0,1975,1993.0,165.0,625.0,409.0,727,458,2821,0,2,2,11,1976.0,3,736.0
609,16342,7,10,1972,1346,2677,4,3,2,2,507,10,1,NridgHt,1.5Fin,Flat,CemntBd,TA,Fa,Y,Abnorml,820956,68.0,16342.0,7.0,1972,1989.0,479.0,239.0,1346.0,2233,1371,2677,2,3,2,10,1972.0,2,507.0
610,3213,8,10,2013,668,1332,1,4,2,2,464,6,2,OldTown,2Story,Gable,MetalSd,Gd,TA,N,Partial,661658,74.0,3213.0,8.0,2013,2014.0,127.0,374.0,668.0,1577,1788,1332,2,4,2,6,2014.0,2,464.0
611,18462,4,7,1976,2338,3352,2,3,0,1,321,5,1,OldTown,1.5Fin,Flat,BrkFace,Fa,TA,Y,Partial,847573,95.0,18462.0,4.0,1976,1990.0,3.0,764.0,,2262,692,3352,2,3,0,5,1978.0,1,321.0
612,12948,8,5,1989,1366,3576,3,3,1,2,548,9,3,Sawyer,1Story,Hip,VinylSd,Fa,TA,Y,Family,938788,102.0,12948.0,8.0,1989,2007.0,133.0,1420.0,1366.0,1247,1063,3576,2,3,1,9,1991.0,2,548.0
613,3638,6,6,1982,1207,4010,3,1,1,3,757,7,1,Edwards,SLvl,Hip,VinylSd,Ex,Gd,Y,Partial,877245,43.0,3638.0,6.0,1982,2002.0,196.0,289.0,1207.0,2467,1071,4010,0,1,1,7,1982.0,3,757.0
614,18718,10,3,1999,1994,1623,3,4,0,0,14,7,2,NridgHt,SLvl,Hip,VinylSd,Fa,Gd,Y,Partial,824059,89.0,18718.0,10.0,1999,2005.0,120.0,1046.0,1994.0,648,1409,1623,2,4,0,7,,0,14.0
615,16558,5,5,1988,2351,1419,5,1,1,1,303,11,2,Somerst,1Story,Gable,VinylSd,TA,TA,N,Abnorml,598380,83.0,16558.0,5.0,1988,1998.0,228.0,795.0,2351.0,1265,1434,1419,0,1,1,11,1989.0,1,303.0
616,13527,10,6,2008,1483,1964,2,3,1,4,885,5,0,Sawyer,SLvl,Hip,BrkFace,Ex,Ex,N,Normal,846221,91.0,13527.0,10.0,2008,2027.0,385.0,856.0,1483.0,1942,1266,1964,2,3,1,5,2010.0,4,885.0
617,17326,3,8,2018,2015,1757,5,3,2,0,19,11,0,CollgCr,2Story,Flat,VinylSd,Fa,Gd,Y,Family,666865,,17326.0,3.0,2018,2033.0,136.0,1221.0,2015.0,2429,195,1757,0,3,2,11,2020.0,0,19.0
618,18260,10,5,1992,299,1344,6,3,1,4,1057,11,0,Sawyer,1.5Fin,Gable,CemntBd,Fa,Ex,Y,Abnorml,724032,99.0,18260.0,10.0,1992,2008.0,488.0,282.0,299.0,1856,886,1344,1,3,1,11,1992.0,4,1057.0
619,16996,5,7,1978,2393,3362,3,4,2,1,367,7,1,Edwards,2Story,Gable,Wd Sdng,Gd,Ex,Y,Normal,863915,56.0,,5.0,1978,1982.0,168.0,1177.0,2393.0,1310,1355,3362,0,4,2,7,1978.0,1,367.0
620,14420,4,8,1990,942,3295,2,2,1,1,328,6,1,Edwards,1.5Fin,Gable,MetalSd,Fa,Ex,N,Normal,773984,119.0,14420.0,4.0,1990,1991.0,154.0,785.0,942.0,1700,1488,3295,2,2,1,6,1990.0,1,328.0
621,9834,9,3,2007,1796,2235,2,2,1,4,911,4,1,CollgCr,2Story,Gable,VinylSd,Fa,TA,N,Family,799180,108.0,9834.0,9.0,2007,2021.0,298.0,866.0,1796.0,706,509,2235,0,2,1,4,2009.0,4,911.0
622,9892,4,8,2011,1045,2683,1,4,0,0,97,6,3,,1.5Fin,Hip,Wd Sdng,Ex,Fa,N,Abnorml,752641,43.0,9892.0,4.0,2011,2014.0,370.0,380.0,1045.0,1189,986,2683,0,4,0,6,2012.0,0,97.0
623,5767,9,10,1952,1125,3588,6,3,0,1,283,9,0,OldTown,2Story,Gable,BrkFace,Ex,Ex,Y,Partial,839496,90.0,5767.0,9.0,1952,1962.0,293.0,996.0,1125.0,1118,708,3588,0,3,0,9,1954.0,1,283.0
624,16594,5,9,1972,715,4435,5,2,2,1,313,7,1,NAmes,SLvl,Gable,Wd Sdng,Fa,TA,N,Partial,889255,115.0,16594.0,5.0,1972,,5.0,1301.0,715.0,1160,1359,4435,1,2,2,7,,1,313.0
625,3846,8,3,2010,140,3610,2,4,0,4,976,8,1,OldTown,1Story,Gable,Wd Sdng,Gd,Ex,N,Normal,862542,112.0,3846.0,8.0,2010,2026.0,133.0,1100.0,140.0,779,1385,3610,1,4,0,8,2010.0,4,976.0
626,18587,10,9,2018,1803,1150,5,1,1,3,780,9,1,NridgHt,1.5Fin,Flat,VinylSd,Fa,Fa,Y,Abnorml,791399,43.0,18587.0,10.0,2018,2038.0,334.0,1420.0,1803.0,2498,1313,1150,1,1,1,9,2018.0,3,780.0
627,19866,5,5,1978,336,3644,1,4,1,4,906,4,1,Somerst,2Story,Flat,Wd Sdng,TA,Fa,N,Abnorml,864128,50.0,19866.0,5.0,1978,1983.0,184.0,1321.0,336.0,822,788,3644,2,4,1,4,1978.0,4,906.0
628,16828,8,5,2024,140,3663,4,1,0,1,223,7,0,Edwards,2Story,Hip,Wd Sdng,Ex,Fa,N,Partial,912932,94.0,16828.0,8.0,2024,2025.0,354.0,354.0,140.0,1999,304,3663,1,1,0,7,2026.0,1,223.0
629,16292,10,6,2008,1076,2835,4,1,2,2,607,10,2,NridgHt,2Story,Hip,Wd Sdng,Fa,Fa,Y,Partial,940029,57.0,16292.0,10.0,2008,2015.0,120.0,1136.0,1076.0,2442,1718,2835,1,1,2,10,2009.0,2,607.0
630,11613,4,8,2004,104,2825,2,1,0,3,688,4,2,OldTown,1.5Fin,Hip,BrkFace,Fa,Ex,Y,Family,735000,99.0,11613.0,4.0,2004,2018.0,31.0,341.0,104.0,1394,1692,2825,2,1,0,4,2005.0,3,688.0
631,9385,5,6,1952,813,3604,6,3,2,4,918,12,0,NridgHt,2Story,Flat,CemntBd,Gd,TA,Y,Normal,794435,63.0,9385.0,5.0,1952,1966.0,341.0,1002.0,813.0,2121,1143,3604,0,3,2,12,1953.0,4,918.0
632,8427,6,5,2019,2497,2336,2,3,0,3,735,7,3,Mitchel,SLvl,Hip,MetalSd,TA,Ex,Y,Partial,843898,46.0,8427.0,6.0,2019,2035.0,60.0,591.0,2497.0,1809,1255,2336,2,3,0,7,2020.0,3,735.0
633,13210,6,4,1957,1680,1174,2,4,0,1,320,5,3,Sawyer,2Story,Gable,Wd Sdng,Ex,Gd,N,Abnorml,538848,73.0,13210.0,6.0,1957,1973.0,238.0,287.0,1680.0,2467,111,1174,0,4,0,5,1959.0,1,320.0
634,7045,5,6,2006,583,3353,3,3,0,0,133,7,0,Mitchel,2Story,Flat,BrkFace,TA,Ex,N,Abnorml,730448,88.0,7045.0,,2006,2025.0,157.0,383.0,583.0,1497,23,3353,2,3,0,7,2006.0,0,133.0
635,14186,7,3,1998,1046,1062,6,4,1,4,923,11,2,Edwards,1Story,Gable,CemntBd,TA,Gd,N,Family,635200,81.0,14186.0,7.0,1998,2003.0,81.0,644.0,1046.0,1829,1317,1062,2,4,1,11,1998.0,4,923.0
636,4856,4,7,1985,1030,3222,5,3,1,2,531,7,0,CollgCr,SLvl,Gable,CemntBd,Fa,Gd,N,Partial,688639,67.0,4856.0,4.0,1985,1996.0,207.0,1724.0,1030.0,1149,321,3222,0,3,1,7,1986.0,2,531.0
637,18986,9,9,1955,2464,1041,5,1,2,0,30,8,2,Sawyer,SLvl,Flat,VinylSd,TA,Fa,N,Normal,637204,98.0,18986.0,9.0,1955,1966.0,351.0,923.0,2464.0,856,1035,1041,0,1,2,8,1957.0,0,30.0
638,17149,3,6,2022,740,698,6,3,0,2,545,8,3,Somerst,1.5Fin,Flat,Wd Sdng,TA,Gd,N,Family,503286,81.0,17149.0,3.0,2022,2031.0,257.0,1268.0,740.0,1948,1738,698,2,3,0,8,2023.0,2,545.0
639,13633,10,7,1970,857,2887,5,3,2,3,749,8,3,CollgCr,1.5Fin,Hip,CemntBd,Gd,TA,N,Normal,897546,83.0,13633.0,10.0,1970,1982.0,472.0,109.0,857.0,2483,961,2887,1,3,2,8,1971.0,3,749.0
640,5963,9,8,2013,762,3698,4,2,1,3,749,8,3,NridgHt,2Story,Gable,Wd Sdng,Ex,Ex,Y,Partial,990777,88.0,5963.0,9.0,2013,2026.0,458.0,1772.0,762.0,1650,1744,3698,2,2,1,8,2015.0,3,749.0
641,12706,5,9,1959,813,982,1,4,1,1,307,7,2,Sawyer,2Story,Hip,VinylSd,TA,Ex,N,Abnorml,483733,75.0,12706.0,5.0,1959,1969.0,454.0,735.0,813.0,1920,1015,982,2,4,1,7,,1,307.0
642,4336,6,5,1985,107,2625,2,2,0,1,332,5,1,NAmes,1.5Fin,Gable,VinylSd,Fa,Fa,N,Abnorml,624783,93.0,4336.0,6.0,1985,2004.0,360.0,19.0,107.0,2321,1780,2625,2,2,0,5,1985.0,1,332.0
643,9096,9,9,1983,1490,3890,3,4,1,2,500,7,2,CollgCr,2Story,Hip,MetalSd,Gd,Ex,N,Partial,967794,72.0,9096.0,9.0,1983,1984.0,394.0,,1490.0,2402,338,3890,1,4,1,7,1985.0,2,500.0
644,10465,8,6,2009,1102,2952,1,4,2,3,787,7,3,CollgCr,2Story,Gable,CemntBd,Fa,Ex,N,Family,919088,50.0,10465.0,,2009,2029.0,159.0,279.0,1102.0,1756,153,2952,1,4,2,7,2010.0,3,787.0
645,7845,4,8,1958,1130,2933,3,1,2,4,1005,8,1,Sawyer,2Story,Flat,BrkFace,TA,TA,N,Abnorml,677326,100.0,7845.0,4.0,1958,1978.0,353.0,399.0,1130.0,2111,1538,2933,1,1,2,8,1958.0,4,1005.0
646,19644,9,5,2019,2403,1888,1,1,2,2,590,3,0,CollgCr,SLvl,Flat,MetalSd,Gd,Gd,Y,Abnorml,834661,42.0,19644.0,9.0,2019,2029.0,60.0,1669.0,2403.0,1230,1006,1888,0,1,2,3,2021.0,2,590.0
647,19219,4,8,1961,385,4475,4,4,1,3,838,9,1,NridgHt,2Story,Gable,Wd Sdng,,Gd,N,Partial,920336,109.0,19219.0,4.0,1961,1963.0,327.0,786.0,385.0,957,656,4475,2,4,1,9,1962.0,3,838.0
648,5973,5,7,2001,821,1528,3,1,1,3,684,9,2,NAmes,1Story,Flat,VinylSd,TA,Ex,Y,Normal,589409,46.0,5973.0,5.0,2001,2011.0,469.0,1150.0,821.0,1863,493,1528,0,1,1,9,2002.0,3,684.0
649,3412,3,8,1999,1254,713,5,3,0,1,268,11,3,OldTown,2Story,Hip,VinylSd,Gd,TA,Y,Family,455414,84.0,3412.0,3.0,1999,2002.0,481.0,1035.0,1254.0,1706,677,713,1,3,0,11,1999.0,1,268.0
650,8816,5,10,1953,158,4430,5,1,1,2,467,9,1,OldTown,1Story,Hip,MetalSd,Gd,TA,N,Family,819781,68.0,8816.0,5.0,1953,1970.0,151.0,1337.0,158.0,2168,569,4430,1,1,1,9,1955.0,2,467.0
651,6813,4,8,1981,1497,1179,2,4,0,3,670,6,0,Mitchel,1Story,Flat,VinylSd,TA,Fa,Y,Partial,517545,48.0,6813.0,4.0,1981,,188.0,1013.0,1497.0,859,103,1179,2,4,0,6,1982.0,3,670.0
652,7439,10,6,1987,1746,2255,4,4,0,3,666,9,0,NridgHt,SLvl,Flat,BrkFace,TA,Fa,N,Normal,808517,45.0,7439.0,10.0,1987,1996.0,314.0,837.0,1746.0,1274,1038,2255,0,4,0,9,1987.0,3,666.0
653,4364,6,4,1989,2406,3663,5,2,2,2,452,11,0,NAmes,1.5Fin,Hip,MetalSd,TA,Ex,N,Abnorml,848495,43.0,4364.0,6.0,1989,1997.0,113.0,1402.0,2406.0,1128,456,3663,1,2,2,11,1989.0,2,452.0
654,15151,3,6,1962,1872,4491,2,2,2,2,458,5,3,Edwards,1Story,Gable,BrkFace,Gd,Ex,N,Normal,886700,71.0,15151.0,3.0,1962,1981.0,112.0,1007.0,1872.0,2003,1127,4491,0,2,2,5,1963.0,2,458.0
655,13838,5,9,1979,1522,4358,4,1,0,1,373,7,2,Sawyer,1.5Fin,Gable,Wd Sdng,Fa,Ex,N,Family,919173,,13838.0,5.0,1979,1983.0,490.0,851.0,1522.0,1910,1317,4358,1,1,0,7,,1,373.0
656,12112,6,10,1982,2458,642,6,4,0,3,692,9,0,CollgCr,1Story,Gable,BrkFace,Ex,Gd,N,Abnorml,592844,42.0,12112.0,6.0,1982,,68.0,1454.0,2458.0,1103,775,642,2,4,0,9,1984.0,3,692.0
657,11404,9,7,2018,1173,1766,5,3,0,0,101,8,0,Mitchel,2Story,Gable,CemntBd,Ex,Fa,N,Normal,716100,119.0,11404.0,9.0,2018,2020.0,244.0,1720.0,,760,825,1766,0,3,0,8,2018.0,0,101.0
658,10492,3,9,1973,342,3723,6,1,0,3,817,10,3,OldTown,SLvl,Flat,VinylSd,Gd,Gd,N,Normal,765358,59.0,10492.0,3.0,1973,1991.0,78.0,909.0,342.0,863,1673,3723,2,1,0,10,1973.0,3,817.0
659,3465,5,8,1982,718,2034,4,2,2,0,100,9,1,Somerst,1Story,Gable,MetalSd,Gd,TA,N,Normal,550470,70.0,3465.0,5.0,1982,1986.0,,1000.0,718.0,1992,481,2034,0,2,2,9,1984.0,0,100.0
660,5273,6,7,2021,659,1187,5,3,0,0,175,7,3,NAmes,2Story,Flat,Wd Sdng,TA,Ex,Y,Normal,598790,56.0,5273.0,6.0,2021,2032.0,382.0,342.0,659.0,503,161,1187,2,3,0,7,2022.0,0,175.0
661,10656,3,9,1950,2304,839,4,1,0,0,144,10,0,NAmes,SLvl,Flat,BrkFace,TA,Fa,N,Abnorml,395009,100.0,10656.0,3.0,1950,1959.0,310.0,169.0,2304.0,2443,940,839,1,1,0,10,1952.0,0,144.0
662,19074,7,8,2008,1962,4365,2,4,2,2,497,5,2,OldTown,SLvl,Hip,MetalSd,TA,Ex,,Partial,1096750,54.0,19074.0,7.0,2008,2028.0,191.0,1157.0,1962.0,1937,909,4365,1,4,2,5,2010.0,2,497.0
663,4394,10,9,2019,929,2247,2,3,0,3,767,7,3,Mitchel,SLvl,Hip,BrkFace,TA,TA,N,Family,821442,112.0,4394.0,10.0,2019,2031.0,212.0,63.0,929.0,2442,1640,2247,0,3,0,7,2021.0,3,767.0
664,9747,6,6,1974,2328,1397,6,3,1,4,984,10,2,Edwards,SLvl,Gable,BrkFace,Ex,Fa,N,Family,606136,67.0,9747.0,6.0,1974,,359.0,1629.0,2328.0,1673,1173,1397,2,3,1,10,1976.0,4,984.0
665,9534,6,8,2020,641,3301,4,4,0,3,666,7,3,OldTown,1.5Fin,Flat,CemntBd,Gd,Fa,Y,Abnorml,908713,99.0,9534.0,6.0,2020,2039.0,281.0,1558.0,641.0,1301,917,3301,1,4,0,7,2022.0,3,666.0
666,13370,10,6,1966,1993,1895,5,1,2,0,16,7,0,,1Story,Hip,VinylSd,TA,TA,Y,Abnorml,706134,,13370.0,10.0,1966,1968.0,467.0,451.0,1993.0,2242,180,1895,2,1,2,7,1966.0,0,16.0
667,13078,4,8,1990,2389,4304,4,4,1,1,294,8,0,OldTown,2Story,Gable,BrkFace,Ex,Fa,Y,Family,981429,87.0,13078.0,4.0,1990,1999.0,241.0,598.0,2389.0,2078,1754,4304,2,4,1,8,1991.0,1,294.0
668,12215,6,4,1968,1822,997,1,2,1,3,757,6,1,NAmes,1.5Fin,Hip,CemntBd,Gd,Fa,Y,Family,560124,61.0,12215.0,6.0,1968,1985.0,387.0,66.0,1822.0,2476,1020,997,1,2,1,6,1968.0,3,757.0
669,14266,8,4,1997,282,1325,2,3,2,3,698,4,1,NridgHt,1.5Fin,Flat,VinylSd,TA,Fa,Y,Family,640145,117.0,14266.0,8.0,1997,2009.0,275.0,562.0,282.0,1662,915,1325,2,3,2,4,1999.0,3,698.0
670,14967,7,6,2015,1147,2731,1,4,1,1,233,4,2,Somerst,SLvl,Hip,Wd Sdng,Ex,TA,,Normal,847485,117.0,14967.0,7.0,2015,2035.0,410.0,460.0,1147.0,566,647,2731,1,4,1,4,2015.0,1,233.0
671,4028,5,3,2023,78,1839,4,2,1,3,759,6,2,Sawyer,1.5Fin,Hip,CemntBd,Fa,Fa,N,Abnorml,591669,54.0,4028.0,5.0,2023,2033.0,340.0,1101.0,78.0,872,243,1839,1,2,1,6,2024.0,3,759.0
672,11571,6,10,1986,1092,941,4,1,2,2,570,6,0,OldTown,1Story,Gable,VinylSd,Gd,TA,Y,Abnorml,552846,60.0,11571.0,6.0,1986,1990.0,,591.0,1092.0,1733,1018,941,2,1,2,6,1987.0,2,570.0
673,10764,4,4,1951,55,3616,3,1,0,4,1040,8,2,CollgCr,1Story,Gable,MetalSd,Gd,Ex,Y,Normal,733300,79.0,10764.0,4.0,1951,1967.0,111.0,344.0,55.0,1151,1526,3616,1,1,0,8,1953.0,4,1040.0
674,6001,3,9,1979,861,804,6,1,1,2,600,12,1,Mitchel,2Story,Flat,BrkFace,Gd,Fa,N,Normal,383821,53.0,6001.0,3.0,1979,1981.0,390.0,1598.0,861.0,2386,1338,804,0,1,1,12,1980.0,2,600.0
675,9059,3,4,1972,809,1678,2,2,2,0,179,4,1,OldTown,1.5Fin,Gable,MetalSd,Fa,TA,,Partial,441932,114.0,9059.0,3.0,1972,1992.0,126.0,936.0,809.0,2156,36,1678,1,2,2,4,1973.0,0,179.0
676,16976,7,8,1980,2173,628,6,3,1,1,236,8,0,Mitchel,1.5Fin,Flat,VinylSd,Fa,Ex,N,Normal,591047,43.0,16976.0,7.0,1980,1993.0,348.0,1158.0,2173.0,2481,210,628,1,3,1,8,1982.0,1,
677,5891,8,8,1958,2331,1674,6,3,1,2,562,10,3,Somerst,SLvl,Hip,CemntBd,Gd,Gd,Y,Normal,688487,79.0,5891.0,8.0,1958,1974.0,386.0,1520.0,2331.0,1752,826,1674,2,3,1,10,1958.0,2,562.0
678,14563,9,10,2009,1328,4382,4,4,1,3,699,7,3,Sawyer,1Story,Gable,Wd Sdng,Fa,Gd,N,Partial,1119812,113.0,14563.0,,2009,2020.0,305.0,1582.0,1328.0,952,844,4382,1,4,1,7,2009.0,3,699.0
679,17233,5,5,1973,888,988,1,4,1,1,289,5,1,NAmes,SLvl,Hip,MetalSd,TA,TA,Y,Abnorml,529323,88.0,17233.0,5.0,1973,1973.0,447.0,1568.0,888.0,1809,73,988,2,4,1,5,1975.0,1,289.0
680,19355,9,9,1970,1996,3327,1,3,0,0,82,6,2,OldTown,2Story,Flat,BrkFace,Gd,Fa,N,Normal,932415,90.0,19355.0,9.0,1970,1981.0,403.0,1014.0,1996.0,1658,1141,3327,0,3,0,6,1970.0,0,82.0
681,8197,8,7,2004,499,3053,2,3,1,2,616,5,2,Mitchel,1Story,Gable,BrkFace,TA,Fa,Y,Abnorml,849584,65.0,8197.0,8.0,2004,2013.0,41.0,1125.0,499.0,713,1124,3053,1,3,1,5,2006.0,2,616.0
682,10649,8,10,1985,2273,1995,5,3,2,1,252,9,1,Edwards,2Story,Hip,CemntBd,Fa,Ex,N,Normal,752024,49.0,10649.0,8.0,1985,1990.0,269.0,1046.0,2273.0,2418,0,1995,0,3,2,9,1987.0,1,252.0
683,7861,8,4,2017,2010,2495,5,3,0,3,759,8,2,OldTown,1.5Fin,Gable,BrkFace,Gd,Gd,Y,Partial,852857,115.0,7861.0,8.0,2017,2023.0,228.0,231.0,2010.0,1516,1691,2495,1,3,0,8,2019.0,3,759.0
684,18812,5,7,1990,1985,1886,5,2,2,1,372,11,0,Somerst,1Story,Flat,MetalSd,TA,Gd,N,Family,699584,120.0,18812.0,5.0,1990,2000.0,270.0,1172.0,1985.0,788,186,1886,0,2,2,11,1990.0,1,372.0
685,3357,7,7,1976,590,1812,1,1,2,3,680,5,3,OldTown,SLvl,Flat,BrkFace,Gd,Fa,N,Normal,583959,71.0,3357.0,7.0,1976,1991.0,360.0,233.0,590.0,1178,1621,1812,1,1,2,5,1976.0,3,680.0
686,17940,7,6,2008,1166,1267,5,2,1,0,31,7,2,Mitchel,1.5Fin,Gable,Wd Sdng,,Ex,N,Partial,649811,53.0,17940.0,7.0,2008,2014.0,185.0,548.0,1166.0,2026,1237,1267,2,2,1,7,2009.0,0,31.0
687,8832,8,3,1986,1327,2916,5,1,2,0,33,10,0,CollgCr,2Story,Gable,VinylSd,Gd,Gd,Y,Partial,758558,78.0,8832.0,8.0,1986,,39.0,1587.0,1327.0,659,1267,2916,0,1,2,10,1988.0,0,33.0
688,14080,4,9,1993,284,2617,4,1,2,3,824,9,1,,2Story,Hip,MetalSd,Ex,TA,Y,Abnorml,684563,116.0,14080.0,4.0,1993,1997.0,469.0,1112.0,284.0,987,1305,2617,2,1,2,9,1995.0,3,824.0
689,3793,3,6,2011,173,772,2,2,0,1,348,6,2,Sawyer,SLvl,Gable,CemntBd,TA,Fa,Y,Family,410299,55.0,3793.0,3.0,2011,2015.0,288.0,1686.0,173.0,1210,623,772,2,2,0,6,2013.0,1,348.0
690,5226,3,6,1954,855,1540,5,4,0,2,619,7,2,OldTown,SLvl,Gable,MetalSd,Ex,TA,,Partial,446762,112.0,5226.0,3.0,1954,1956.0,57.0,751.0,855.0,1154,1041,1540,0,4,0,7,1954.0,2,619.0
691,15727,5,6,1982,1370,1401,3,3,1,0,166,7,3,NAmes,SLvl,Flat,CemntBd,Fa,Gd,Y,Normal,572762,45.0,15727.0,5.0,1982,1991.0,31.0,1110.0,1370.0,843,1151,1401,1,3,1,7,1983.0,0,166.0
692,15696,4,6,1975,2335,3613,6,3,2,1,371,10,2,Mitchel,1Story,Flat,MetalSd,TA,Gd,Y,Partial,839271,84.0,15696.0,4.0,1975,1978.0,424.0,1684.0,2335.0,1802,423,3613,1,3,2,10,1975.0,1,371.0
693,10091,5,8,1976,2046,4478,6,4,2,2,557,11,1,Mitchel,SLvl,Flat,CemntBd,TA,Gd,Y,Normal,949333,,10091.0,5.0,1976,1992.0,280.0,1549.0,2046.0,2313,1340,4478,1,4,2,11,1978.0,2,557.0
694,4022,3,3,1985,0,1842,4,4,2,4,920,6,0,NridgHt,2Story,Flat,MetalSd,Fa,TA,Y,Partial,509532,94.0,4022.0,3.0,1985,2002.0,462.0,85.0,0.0,2472,1375,1842,2,4,2,6,1987.0,4,920.0
695,3733,7,3,1965,1237,1180,3,4,0,0,162,5,3,OldTown,1Story,Gable,VinylSd,Gd,Fa,N,Partial,464771,87.0,3733.0,7.0,1965,1981.0,258.0,1556.0,1237.0,681,934,1180,2,4,0,5,1965.0,0,162.0
696,18719,4,5,1977,266,2228,6,4,0,0,127,11,3,Sawyer,2Story,Gable,CemntBd,Ex,Ex,N,Partial,648695,48.0,18719.0,4.0,1977,1978.0,103.0,1472.0,266.0,2182,698,2228,0,4,0,11,1978.0,0,127.0
697,18701,6,7,1953,1113,4171,2,2,2,3,660,4,3,Mitchel,2Story,Flat,VinylSd,TA,TA,Y,Partial,947982,104.0,18701.0,6.0,1953,1963.0,293.0,,,1951,744,4171,2,2,2,4,1953.0,3,660.0
698,18482,5,8,1997,2256,2814,2,3,2,2,544,5,3,NridgHt,SLvl,Hip,Wd Sdng,Gd,Fa,N,Partial,864424,83.0,18482.0,5.0,1997,2016.0,274.0,1118.0,2256.0,1872,1690,2814,1,3,2,5,1999.0,2,544.0
699,5832,7,5,1992,1469,3243,4,4,2,1,230,8,1,NridgHt,2Story,Flat,MetalSd,Gd,Fa,Y,Family,814499,41.0,5832.0,7.0,1992,1996.0,76.0,447.0,,1808,111,3243,0,4,2,8,1994.0,1,230.0
700,19429,3,4,2023,16,1643,5,2,2,1,395,9,3,CollgCr,1.5Fin,Flat,Wd Sdng,Fa,Fa,Y,Partial,641834,93.0,19429.0,3.0,2023,,84.0,870.0,16.0,1993,1672,1643,1,2,2,9,2025.0,1,395.0
701,16369,4,6,2008,637,4017,6,2,2,0,129,8,3,OldTown,1Story,Flat,Wd Sdng,Gd,Fa,N,Abnorml,897467,102.0,16369.0,4.0,2008,2020.0,167.0,209.0,637.0,2315,456,4017,0,2,2,8,2008.0,0,129.0
702,6164,6,3,1952,127,1811,1,2,0,0,17,5,3,CollgCr,SLvl,Hip,BrkFace,Ex,TA,N,Family,470919,53.0,6164.0,6.0,1952,1956.0,,1507.0,127.0,1187,1729,1811,1,2,0,5,1952.0,0,17.0
703,9830,7,9,2011,2430,771,6,4,0,3,741,10,0,Somerst,SLvl,Hip,CemntBd,Ex,Fa,N,Family,619140,95.0,9830.0,7.0,2011,2016.0,266.0,1699.0,2430.0,1414,930,771,2,4,0,10,2012.0,3,741.0
704,15450,3,10,1961,1945,1632,5,1,0,1,381,7,3,Sawyer,1.5Fin,Gable,CemntBd,Fa,Ex,N,Partial,558631,86.0,15450.0,3.0,1961,1966.0,226.0,1338.0,1945.0,523,679,1632,2,1,0,7,1961.0,1,381.0
705,17784,6,9,1962,42,3400,2,1,2,3,677,8,1,Mitchel,1.5Fin,Flat,CemntBd,Fa,Ex,N,Normal,813532,98.0,17784.0,6.0,1962,,59.0,1538.0,42.0,1043,1147,3400,1,1,2,8,1964.0,3,677.0
706,19932,10,5,2007,1201,4096,2,1,1,4,964,7,0,OldTown,1Story,Gable,BrkFace,Fa,Gd,Y,Family,1130540,59.0,19932.0,10.0,2007,2012.0,348.0,506.0,1201.0,929,1571,4096,0,1,1,7,2007.0,4,964.0
707,8787,9,3,1988,748,1515,3,4,0,3,839,5,0,,2Story,Gable,CemntBd,Ex,Fa,N,Partial,665906,95.0,8787.0,9.0,1988,2002.0,105.0,609.0,748.0,1011,1269,1515,2,4,0,5,1989.0,3,839.0
708,17089,3,8,2019,435,2314,4,1,1,3,802,9,0,CollgCr,1Story,Hip,Wd Sdng,Fa,Fa,Y,Abnorml,681569,62.0,17089.0,3.0,2019,2020.0,367.0,1791.0,435.0,1919,1228,2314,0,1,1,9,2020.0,3,802.0
709,3790,5,4,2023,765,3322,2,4,2,4,975,8,2,Mitchel,1Story,Flat,MetalSd,Fa,Ex,Y,Abnorml,837822,106.0,3790.0,5.0,2023,2036.0,298.0,66.0,765.0,638,968,3322,1,4,2,8,2024.0,4,975.0
710,7829,7,5,2000,45,2123,1,1,0,4,1050,5,0,Somerst,2Story,Hip,MetalSd,Fa,Gd,Y,Family,672653,74.0,7829.0,7.0,2000,2011.0,250.0,921.0,45.0,1217,1467,2123,1,1,0,5,2001.0,4,1050.0
711,18687,6,4,1972,1588,2865,6,1,0,1,350,9,0,Mitchel,1Story,Flat,MetalSd,Gd,Fa,N,Abnorml,735303,118.0,18687.0,6.0,1972,1979.0,46.0,538.0,1588.0,1025,1345,2865,1,1,0,9,1973.0,1,350.0
712,16316,3,9,1955,1312,3797,4,1,0,2,540,9,1,OldTown,SLvl,Flat,CemntBd,Fa,Gd,Y,Partial,793036,108.0,16316.0,3.0,1955,1969.0,460.0,713.0,1312.0,2111,744,3797,0,1,0,9,1957.0,2,540.0
713,5459,9,3,2003,271,2900,1,2,2,0,94,5,3,Somerst,SLvl,Flat,Wd Sdng,TA,TA,N,Family,784156,101.0,5459.0,9.0,2003,2022.0,261.0,1765.0,271.0,721,1466,2900,2,2,2,5,2005.0,0,94.0
714,18983,9,5,2010,1380,972,6,4,1,4,1012,12,0,Somerst,1.5Fin,Hip,Wd Sdng,Gd,TA,N,Abnorml,739932,99.0,18983.0,9.0,2010,2019.0,228.0,1672.0,1380.0,1975,926,972,1,4,1,12,2012.0,4,1012.0
715,9267,8,7,1974,1372,2720,6,4,1,2,593,11,1,OldTown,1.5Fin,Gable,Wd Sdng,TA,Gd,N,Abnorml,765903,95.0,,8.0,1974,1988.0,414.0,178.0,1372.0,502,233,2720,0,4,1,11,1975.0,2,593.0
716,12550,6,6,1993,749,4234,6,4,1,1,320,11,2,Mitchel,1.5Fin,Gable,Wd Sdng,Ex,TA,Y,Family,964084,115.0,12550.0,6.0,1993,2000.0,28.0,899.0,749.0,598,199,4234,2,4,1,11,1993.0,1,320.0
717,15880,3,4,1974,1043,4400,4,4,2,4,950,10,3,Edwards,1.5Fin,Gable,BrkFace,Fa,Ex,N,Family,916339,74.0,15880.0,3.0,1974,1991.0,232.0,1772.0,1043.0,1290,1555,4400,2,4,2,10,1974.0,4,950.0
718,13261,4,5,1973,503,2080,1,1,0,2,467,7,2,OldTown,1Story,Flat,BrkFace,Gd,Ex,Y,Normal,560473,81.0,13261.0,4.0,1973,1980.0,67.0,240.0,503.0,1397,1349,2080,0,1,0,7,1973.0,2,467.0
719,14062,7,7,2005,985,1544,2,3,2,2,500,5,0,NridgHt,2Story,Gable,BrkFace,Gd,Ex,Y,Normal,700563,,14062.0,7.0,2005,,262.0,1588.0,985.0,2000,454,1544,1,3,2,5,2005.0,2,500.0
720,11838,10,4,1962,1008,4062,4,2,0,3,816,7,1,Edwards,1.5Fin,Gable,VinylSd,Gd,TA,N,Family,953587,51.0,11838.0,10.0,1962,1977.0,212.0,1662.0,1008.0,1359,4,4062,2,2,0,7,1962.0,3,816.0
721,9992,6,4,1960,1673,3518,4,4,0,3,817,9,0,Somerst,2Story,Flat,BrkFace,Fa,TA,N,Normal,812371,75.0,9992.0,6.0,1960,1966.0,233.0,485.0,1673.0,2484,699,3518,0,4,0,9,1960.0,3,817.0
722,19631,9,10,1976,1527,1191,6,1,2,3,703,11,1,Edwards,1.5Fin,Hip,BrkFace,TA,Gd,N,Abnorml,695818,97.0,19631.0,,1976,1987.0,288.0,429.0,1527.0,840,727,1191,0,1,2,11,1978.0,3,703.0
723,18391,3,6,1958,1852,3520,1,4,2,2,532,6,0,Mitchel,SLvl,Flat,BrkFace,Fa,Ex,N,Partial,784787,71.0,18391.0,3.0,1958,1976.0,29.0,1660.0,1852.0,2311,1699,3520,2,4,2,6,1960.0,2,532.0
724,10489,7,8,1983,1960,1247,2,2,2,4,1033,8,1,NAmes,SLvl,Hip,VinylSd,Gd,Ex,Y,Normal,667908,99.0,10489.0,7.0,1983,1997.0,286.0,1510.0,1960.0,1347,1297,1247,0,2,2,8,1984.0,4,1033.0
725,4640,7,4,2017,1045,2455,2,3,0,3,731,5,1,Sawyer,1.5Fin,Gable,CemntBd,,Gd,Y,Normal,776141,112.0,4640.0,7.0,2017,2031.0,236.0,1204.0,1045.0,1509,1638,2455,1,3,0,5,2019.0,3,731.0
726,8765,7,10,2004,687,1567,1,2,2,0,17,3,2,OldTown,1Story,Hip,CemntBd,TA,Gd,Y,Abnorml,634973,118.0,8765.0,7.0,2004,2013.0,344.0,1411.0,687.0,2305,597,1567,0,2,2,3,2006.0,0,17.0
727,3286,8,5,1984,2102,3931,1,1,1,1,262,3,3,OldTown,2Story,Gable,CemntBd,TA,TA,N,Abnorml,905021,88.0,3286.0,8.0,1984,1996.0,413.0,718.0,2102.0,1275,1121,3931,0,1,1,3,1986.0,1,262.0
728,8739,4,6,1970,2482,3690,1,1,1,1,220,5,3,Mitchel,SLvl,Flat,CemntBd,Fa,Fa,N,Family,821362,83.0,8739.0,4.0,1970,1986.0,157.0,1763.0,2482.0,1219,1069,3690,0,1,1,5,1970.0,1,220.0
729,11238,9,5,2014,2046,1117,1,2,0,4,974,5,0,Sawyer,SLvl,Hip,Wd Sdng,TA,Ex,N,Family,694300,43.0,11238.0,9.0,2014,2030.0,370.0,1455.0,2046.0,1618,765,1117,0,2,0,5,2016.0,4,974.0
730,3525,6,9,1968,1842,4143,5,2,2,2,541,8,1,NAmes,2Story,Hip,Wd Sdng,Fa,Fa,N,Family,867531,103.0,3525.0,6.0,1968,1981.0,11.0,1249.0,1842.0,1268,1437,4143,2,2,2,8,1968.0,2,541.0
731,9707,10,5,2003,210,1605,2,1,1,2,453,6,3,,SLvl,Gable,CemntBd,TA,TA,N,Normal,696013,81.0,9707.0,10.0,2003,2008.0,202.0,1295.0,210.0,707,217,1605,1,1,1,6,2003.0,2,453.0
732,5220,8,8,1974,1271,4376,5,2,0,0,37,11,2,NAmes,1Story,Flat,MetalSd,TA,Ex,N,Family,917016,63.0,5220.0,8.0,1974,1980.0,130.0,876.0,1271.0,2197,93,4376,0,2,0,11,1976.0,0,37.0
733,18082,8,8,1986,1507,808,5,1,1,3,770,11,0,CollgCr,2Story,Hip,Wd Sdng,Fa,TA,Y,Abnorml,651942,102.0,18082.0,8.0,1986,2005.0,418.0,339.0,1507.0,1481,336,808,0,1,1,11,1986.0,3,770.0
734,9433,4,9,1985,1615,1502,1,1,1,0,34,4,3,Edwards,SLvl,Gable,BrkFace,TA,Gd,Y,Normal,539071,,9433.0,4.0,1985,1989.0,1.0,1261.0,1615.0,2115,1008,1502,0,1,1,4,1986.0,0,34.0
735,4227,7,10,1958,897,2518,2,4,0,0,171,7,2,NridgHt,SLvl,Hip,CemntBd,TA,TA,Y,Partial,683235,85.0,4227.0,7.0,1958,1966.0,381.0,285.0,897.0,2269,287,2518,0,4,0,7,1958.0,0,171.0
736,11037,6,3,2005,1979,1714,3,3,1,3,673,9,2,Somerst,1Story,Gable,CemntBd,Gd,Gd,Y,Family,690210,73.0,11037.0,6.0,2005,2006.0,,1607.0,1979.0,1683,1683,1714,2,3,1,9,2007.0,3,673.0
737,6230,8,9,2001,1717,2920,3,3,0,1,261,9,3,CollgCr,1.5Fin,Gable,BrkFace,Fa,Fa,Y,Family,871684,83.0,6230.0,8.0,2001,2021.0,296.0,423.0,1717.0,1833,1468,2920,2,3,0,9,,1,261.0
738,4002,8,8,1965,1261,1565,4,4,1,4,934,9,3,Edwards,1.5Fin,Gable,CemntBd,Gd,TA,Y,Partial,666839,75.0,4002.0,8.0,1965,1980.0,37.0,1666.0,1261.0,2052,1520,1565,1,4,1,9,1965.0,4,934.0
739,15348,4,4,1960,337,3861,6,1,0,4,989,11,0,OldTown,1Story,Gable,BrkFace,Gd,Ex,Y,Partial,777239,116.0,15348.0,4.0,1960,1971.0,23.0,423.0,,1907,1477,3861,2,1,0,11,1962.0,4,989.0
740,14706,4,3,1971,1268,1952,1,1,2,0,10,7,0,Edwards,2Story,Hip,BrkFace,Ex,TA,N,Normal,550812,75.0,14706.0,4.0,1971,1988.0,216.0,1649.0,1268.0,961,838,1952,0,1,2,7,,0,10.0
741,12320,5,4,2009,2482,4091,3,2,2,4,904,8,1,Somerst,1Story,Hip,Wd Sdng,,Fa,N,Partial,993259,111.0,12320.0,5.0,2009,2012.0,176.0,121.0,2482.0,833,219,4091,2,2,2,8,2010.0,4,904.0
742,13040,7,9,2003,963,3853,3,3,0,1,338,6,1,NAmes,1Story,Gable,CemntBd,Ex,Gd,Y,Family,937969,41.0,13040.0,7.0,2003,2019.0,358.0,1167.0,963.0,1424,520,3853,0,3,0,6,2005.0,1,338.0
743,7893,4,7,1992,1310,2972,2,4,1,3,691,8,2,Edwards,SLvl,Flat,VinylSd,TA,Gd,N,Abnorml,753063,106.0,7893.0,4.0,1992,1995.0,32.0,718.0,1310.0,650,1251,2972,1,4,1,8,1994.0,3,691.0
744,5164,3,3,1982,1595,1364,4,4,2,3,742,9,1,NridgHt,SLvl,Flat,Wd Sdng,Gd,Ex,Y,Partial,505338,64.0,5164.0,3.0,1982,1991.0,277.0,1090.0,1595.0,2136,401,1364,1,4,2,9,1983.0,3,742.0
745,6054,10,8,1968,172,4221,2,2,2,4,1006,6,1,OldTown,SLvl,Gable,VinylSd,TA,TA,N,Partial,928443,50.0,6054.0,10.0,1968,1970.0,30.0,575.0,172.0,2232,384,4221,2,2,2,6,1968.0,4,1006.0
746,6427,10,6,1977,605,1961,6,3,2,3,795,12,1,Sawyer,1Story,Hip,CemntBd,TA,Fa,,Partial,715454,70.0,6427.0,10.0,1977,1982.0,478.0,1222.0,605.0,568,247,1961,1,3,2,12,1978.0,3,795.0
747,3587,9,4,2010,1709,4405,4,2,1,4,937,9,2,Somerst,1Story,Gable,CemntBd,TA,Fa,,Normal,1059719,92.0,3587.0,9.0,2010,,457.0,1103.0,1709.0,1103,1745,4405,1,2,1,9,2011.0,4,937.0
748,10511,3,6,2007,978,2226,1,4,0,0,70,7,3,,1.5Fin,Flat,VinylSd,Fa,Gd,N,Normal,626406,102.0,10511.0,,2007,2021.0,35.0,344.0,978.0,541,804,2226,2,4,0,7,2008.0,0,70.0
749,15747,8,5,2019,820,658,6,4,0,2,605,9,3,NAmes,1Story,Gable,Wd Sdng,Gd,TA,N,Family,624949,111.0,15747.0,8.0,2019,2035.0,478.0,662.0,820.0,1152,441,658,1,4,0,9,2019.0,2,605.0
750,16973,6,5,1996,399,3733,3,3,2,4,1043,5,0,OldTown,1Story,Gable,MetalSd,Ex,TA,Y,Normal,925138,70.0,16973.0,6.0,1996,2000.0,241.0,1441.0,399.0,1034,936,3733,1,3,2,5,1996.0,4,
751,14060,4,10,2015,500,2571,6,3,0,2,463,10,1,Sawyer,2Story,Flat,Wd Sdng,Ex,Ex,Y,Abnorml,738935,100.0,14060.0,4.0,2015,2028.0,16.0,599.0,500.0,2449,1688,2571,0,3,0,10,2015.0,2,463.0
752,14209,5,6,2011,1439,722,3,4,1,0,131,8,1,OldTown,2Story,Flat,BrkFace,Ex,Gd,N,Family,538439,102.0,14209.0,5.0,2011,2013.0,146.0,592.0,1439.0,714,1600,722,2,4,1,8,2011.0,0,131.0
753,13558,8,6,1955,149,2455,2,1,2,2,444,6,2,Sawyer,1Story,Hip,BrkFace,Ex,Gd,Y,Normal,705018,97.0,13558.0,8.0,1955,1962.0,209.0,1172.0,149.0,651,390,2455,1,1,2,6,1955.0,2,444.0
754,7448,10,10,2020,2259,3573,3,1,2,0,163,7,1,Somerst,SLvl,Hip,VinylSd,Ex,Ex,N,Abnorml,1023119,42.0,7448.0,10.0,2020,2034.0,92.0,547.0,2259.0,1200,1467,3573,1,1,2,7,2021.0,0,163.0
755,11463,9,5,1985,1392,4080,4,1,2,2,459,9,2,Somerst,SLvl,Gable,VinylSd,TA,TA,Y,Normal,975104,,11463.0,9.0,1985,1996.0,393.0,1757.0,1392.0,848,692,4080,0,1,2,9,1985.0,2,459.0
756,6280,8,4,1962,1082,3745,3,3,0,1,367,6,0,Edwards,1Story,Hip,Wd Sdng,Ex,TA,N,Normal,810003,77.0,6280.0,8.0,1962,1962.0,69.0,1053.0,1082.0,2318,220,3745,2,3,0,6,1963.0,1,367.0
757,4334,7,9,1961,1365,1702,6,1,0,0,24,12,0,CollgCr,SLvl,Gable,BrkFace,TA,Fa,Y,Partial,528226,68.0,4334.0,7.0,1961,1974.0,392.0,1391.0,1365.0,1268,1550,1702,0,1,0,12,1962.0,0,24.0
758,11112,4,8,1971,758,3256,5,1,2,0,120,8,1,OldTown,2Story,Hip,VinylSd,TA,Gd,N,Abnorml,664612,91.0,11112.0,4.0,1971,1972.0,328.0,1669.0,758.0,829,848,3256,0,1,2,8,1971.0,0,120.0
759,17081,6,9,1974,2161,1798,3,2,1,4,985,9,2,Somerst,2Story,Flat,VinylSd,Fa,TA,N,Normal,701592,,17081.0,6.0,1974,1986.0,500.0,195.0,2161.0,1999,95,1798,2,2,1,9,1976.0,4,985.0
760,16288,6,7,1966,2361,1355,6,1,2,1,253,8,1,Edwards,1Story,Flat,VinylSd,Fa,Gd,Y,Partial,590143,,16288.0,6.0,1966,1982.0,373.0,277.0,2361.0,653,1296,1355,1,1,2,8,1968.0,1,253.0
761,3092,6,4,1951,1693,1038,3,2,1,1,257,5,2,NridgHt,SLvl,Hip,CemntBd,TA,Fa,Y,Abnorml,428718,114.0,3092.0,6.0,1951,1962.0,330.0,1536.0,1693.0,1620,1715,1038,1,2,1,5,1951.0,1,257.0
762,15753,8,6,1981,2006,2602,3,4,0,2,440,8,3,OldTown,1Story,Gable,BrkFace,TA,Gd,N,Normal,844590,87.0,15753.0,8.0,1981,1988.0,493.0,1609.0,2006.0,2428,1376,2602,2,4,0,8,1981.0,2,440.0
763,7610,7,7,1972,1745,3750,1,4,2,0,150,6,2,Somerst,2Story,Hip,MetalSd,TA,Fa,N,Partial,853850,100.0,7610.0,7.0,1972,1984.0,215.0,,1745.0,2339,1205,3750,0,4,2,6,1972.0,0,150.0
764,18740,6,10,1967,70,3799,2,4,1,1,361,8,1,CollgCr,1.5Fin,Flat,Wd Sdng,TA,Ex,N,Partial,888286,110.0,18740.0,6.0,1967,1969.0,191.0,121.0,70.0,690,252,3799,2,4,1,8,1967.0,1,361.0
765,16228,3,4,2022,438,1588,3,3,0,4,1037,9,1,Mitchel,1Story,Gable,VinylSd,TA,Fa,N,Normal,620382,107.0,16228.0,3.0,2022,2033.0,456.0,,438.0,1192,1581,1588,1,3,0,9,2023.0,4,1037.0
766,9337,5,4,1989,1740,1628,6,3,2,1,380,11,2,CollgCr,SLvl,Hip,CemntBd,Gd,Gd,N,Normal,588511,84.0,9337.0,5.0,1989,1996.0,195.0,1775.0,1740.0,1716,922,1628,1,3,2,11,1991.0,1,380.0
767,14694,10,6,2018,1365,2619,2,4,2,0,176,4,0,OldTown,2Story,Hip,VinylSd,Gd,Fa,N,Normal,880343,94.0,14694.0,10.0,2018,2018.0,229.0,1343.0,1365.0,1756,936,2619,2,4,2,4,2019.0,0,176.0
768,17459,5,6,1977,894,2119,1,1,1,0,150,6,0,Somerst,SLvl,Gable,VinylSd,TA,Gd,Y,Normal,613328,110.0,17459.0,5.0,1977,1987.0,445.0,259.0,894.0,2329,1348,2119,0,1,1,6,1979.0,0,150.0
769,10903,3,10,1985,2216,1284,6,1,1,1,325,10,0,CollgCr,2Story,Flat,Wd Sdng,Ex,Fa,N,Partial,534428,82.0,10903.0,3.0,1985,1988.0,469.0,1436.0,,1488,1206,1284,1,1,1,10,1986.0,1,325.0
770,17822,5,3,1962,2341,687,6,3,0,1,260,9,0,OldTown,2Story,Gable,MetalSd,Gd,TA,N,Normal,493269,85.0,17822.0,5.0,1962,1982.0,464.0,1773.0,2341.0,1942,1032,687,0,3,0,9,1963.0,1,260.0
771,17728,6,5,1954,482,3572,6,2,1,2,615,11,1,CollgCr,2Story,Hip,BrkFace,Ex,Gd,N,Normal,799010,98.0,17728.0,6.0,1954,1964.0,193.0,271.0,482.0,563,275,3572,2,2,1,11,1954.0,2,615.0
772,8737,9,4,1960,645,1467,1,2,1,0,111,4,1,Somerst,1.5Fin,Hip,MetalSd,Gd,Fa,N,Abnorml,560076,74.0,8737.0,9.0,1960,1964.0,192.0,511.0,645.0,1383,1021,1467,2,2,1,4,1961.0,0,111.0
773,17584,7,8,1983,2483,1477,6,1,0,3,735,11,3,CollgCr,1Story,Flat,MetalSd,Ex,Gd,Y,Family,729909,79.0,17584.0,7.0,1983,1987.0,41.0,299.0,2483.0,2430,8,1477,1,1,0,11,1984.0,3,735.0
774,7430,3,5,2018,949,3872,2,2,0,4,1035,8,0,,1Story,Hip,CemntBd,Ex,TA,N,Partial,843808,72.0,7430.0,3.0,2018,2019.0,349.0,,949.0,1838,1086,3872,1,2,0,8,2018.0,4,1035.0
775,7462,5,3,2004,2009,4082,2,2,0,0,132,5,3,CollgCr,SLvl,Flat,CemntBd,Ex,TA,N,Abnorml,905779,69.0,7462.0,5.0,2004,2013.0,493.0,659.0,2009.0,837,1507,4082,2,2,0,5,2006.0,0,132.0
776,12054,8,3,1954,47,3795,1,1,2,0,21,5,1,CollgCr,1Story,Flat,MetalSd,Fa,Ex,N,Partial,754320,55.0,12054.0,8.0,1954,1969.0,338.0,1696.0,47.0,1743,99,3795,0,1,2,5,1956.0,0,21.0
777,3846,5,8,1990,1552,3353,1,3,1,2,480,3,1,Mitchel,1.5Fin,Hip,CemntBd,Ex,Gd,Y,Partial,804616,64.0,3846.0,5.0,1990,1994.0,447.0,506.0,1552.0,2322,1133,3353,0,3,1,3,1991.0,2,480.0
778,4391,8,9,2010,165,2677,4,4,0,0,153,6,0,Somerst,2Story,Hip,Wd Sdng,TA,Ex,N,Partial,756097,80.0,,8.0,2010,2025.0,276.0,1559.0,165.0,1389,886,2677,2,4,0,6,2012.0,0,153.0
779,7913,9,9,2022,503,1565,4,2,1,4,938,8,2,NAmes,1.5Fin,Hip,MetalSd,Fa,Ex,Y,Family,732958,55.0,7913.0,9.0,2022,2036.0,68.0,1727.0,503.0,821,1717,1565,0,2,1,8,2023.0,4,
780,16327,6,6,2002,2466,4106,5,4,2,2,444,11,1,OldTown,1Story,Gable,Wd Sdng,Ex,Ex,N,Partial,1038232,108.0,16327.0,6.0,2002,2021.0,334.0,1384.0,2466.0,609,1198,4106,1,4,2,11,2003.0,2,444.0
781,7071,3,7,1983,726,2842,4,4,0,4,929,9,1,CollgCr,SLvl,Hip,MetalSd,Gd,Ex,Y,Family,704847,63.0,7071.0,3.0,1983,1983.0,440.0,804.0,726.0,707,989,2842,2,4,0,9,,4,929.0
782,12671,5,7,2002,1218,1249,1,2,1,1,314,7,3,Edwards,1Story,Hip,Wd Sdng,Ex,Fa,Y,Family,590247,64.0,,5.0,2002,2004.0,178.0,1002.0,1218.0,1178,1041,1249,0,2,1,7,2004.0,1,314.0
783,15775,5,8,1997,1190,4148,1,2,1,1,392,5,2,OldTown,1.5Fin,Gable,VinylSd,Ex,Fa,N,Partial,936607,67.0,15775.0,5.0,1997,1997.0,60.0,291.0,1190.0,920,1599,4148,1,2,1,5,1999.0,1,392.0
784,12168,7,3,1978,446,2108,2,2,1,2,474,7,0,NridgHt,1Story,Hip,VinylSd,TA,Gd,Y,Abnorml,632670,101.0,12168.0,7.0,1978,1986.0,91.0,1182.0,446.0,2495,362,2108,1,2,1,7,1980.0,2,474.0
785,14634,6,7,1990,500,2216,6,2,0,0,23,8,3,Mitchel,1Story,Flat,VinylSd,Gd,Gd,Y,Abnorml,694505,75.0,14634.0,6.0,1990,1996.0,275.0,1295.0,500.0,889,1416,2216,2,2,0,8,1992.0,0,
786,10103,5,9,1991,924,760,4,1,2,0,21,10,3,NridgHt,SLvl,Gable,BrkFace,Fa,Ex,Y,Abnorml,471635,115.0,10103.0,5.0,1991,1995.0,201.0,550.0,924.0,1338,1184,760,1,1,2,10,1993.0,0,21.0
787,3870,3,4,1992,1699,1058,5,2,2,4,883,8,3,NridgHt,SLvl,Flat,BrkFace,TA,TA,Y,Family,468446,107.0,3870.0,3.0,1992,2009.0,,1285.0,1699.0,1927,355,1058,0,2,2,8,1994.0,4,883.0
788,10002,9,8,1994,548,4228,1,1,1,4,898,3,2,CollgCr,1.5Fin,Gable,MetalSd,Fa,Fa,N,Normal,1021192,116.0,10002.0,9.0,1994,2013.0,65.0,848.0,,1634,1496,4228,2,1,1,3,1996.0,4,898.0
789,7564,9,6,1971,645,4456,2,2,0,1,335,6,2,NridgHt,SLvl,Gable,VinylSd,TA,Ex,N,Abnorml,952536,76.0,7564.0,9.0,1971,1987.0,372.0,768.0,645.0,1978,1669,4456,1,2,0,6,1971.0,1,335.0
790,16344,3,8,1952,1382,1573,4,4,1,3,671,10,0,CollgCr,2Story,Hip,VinylSd,Ex,Gd,Y,Abnorml,546473,52.0,16344.0,3.0,1952,1965.0,114.0,925.0,1382.0,2395,262,1573,0,4,1,10,1954.0,3,671.0
791,15798,9,4,1953,1582,1230,6,4,0,2,494,8,1,Edwards,1.5Fin,Hip,Wd Sdng,Ex,Fa,Y,Family,647647,64.0,15798.0,9.0,1953,1956.0,427.0,154.0,1582.0,1994,212,1230,1,4,0,8,1953.0,2,494.0
792,6564,10,10,2004,2299,3238,2,2,2,2,514,4,0,Edwards,1.5Fin,Flat,VinylSd,Fa,Gd,N,Partial,946168,77.0,6564.0,,2004,2013.0,1.0,1297.0,2299.0,1606,793,3238,1,2,2,4,2005.0,2,514.0
793,18626,5,9,1955,868,1557,6,3,2,0,13,8,2,Mitchel,1Story,Flat,VinylSd,TA,Ex,N,Partial,572599,69.0,18626.0,5.0,1955,1962.0,387.0,1627.0,868.0,1043,1346,1557,2,3,2,8,1956.0,0,13.0
794,8956,3,10,1982,2387,3906,2,4,2,4,1039,7,3,Somerst,SLvl,Gable,CemntBd,TA,Gd,N,Family,923332,86.0,8956.0,3.0,1982,1991.0,11.0,1574.0,2387.0,1852,1229,3906,1,4,2,7,1982.0,4,1039.0
795,11133,5,8,2022,421,1805,1,3,2,4,929,4,1,CollgCr,2Story,Gable,Wd Sdng,Gd,Fa,N,Normal,686459,62.0,11133.0,5.0,2022,2025.0,,190.0,421.0,1076,1241,1805,1,3,2,4,2022.0,4,929.0
796,3752,10,5,2000,482,2472,4,1,2,3,704,7,2,Edwards,2Story,Hip,CemntBd,TA,Gd,Y,Normal,777680,78.0,3752.0,10.0,2000,2001.0,152.0,825.0,482.0,1109,659,2472,0,1,2,7,2002.0,3,704.0
797,3100,8,9,1965,583,4295,6,4,1,0,140,9,3,NridgHt,2Story,Hip,Wd Sdng,Ex,Fa,N,Partial,895073,41.0,3100.0,8.0,1965,1972.0,237.0,1055.0,583.0,986,1032,4295,1,4,1,9,1967.0,0,140.0
798,5385,6,3,2021,1973,3912,4,1,2,1,268,10,2,NridgHt,1Story,Hip,MetalSd,TA,Fa,Y,Abnorml,936114,108.0,5385.0,6.0,2021,2034.0,344.0,1535.0,1973.0,696,787,3912,1,1,2,10,,1,268.0
799,13182,7,3,1953,672,2559,2,1,0,4,991,8,3,Sawyer,1Story,Gable,VinylSd,Fa,Gd,Y,Normal,720890,56.0,13182.0,7.0,1953,1973.0,368.0,569.0,672.0,601,857,2559,0,1,0,8,1955.0,4,991.0
800,9335,8,3,1956,271,2136,5,1,2,2,460,9,0,NridgHt,1Story,Hip,BrkFace,Gd,Gd,N,Family,603704,75.0,9335.0,8.0,1956,1975.0,278.0,1422.0,271.0,1304,1247,2136,1,1,2,9,1956.0,2,460.0
801,7707,3,8,1978,1146,1706,1,4,1,3,813,5,3,OldTown,1Story,Flat,BrkFace,Gd,Fa,N,Abnorml,573551,45.0,7707.0,3.0,1978,1992.0,217.0,1796.0,1146.0,1670,1418,1706,2,4,1,5,1980.0,3,813.0
802,7495,8,3,2021,377,3655,4,4,1,0,41,10,0,Somerst,1Story,Hip,CemntBd,TA,Ex,Y,Abnorml,885846,46.0,7495.0,8.0,2021,2023.0,272.0,755.0,377.0,1625,1561,3655,1,4,1,10,2022.0,0,41.0
803,17872,6,4,1966,1286,2065,6,2,0,2,542,8,3,CollgCr,SLvl,Gable,MetalSd,Gd,Ex,Y,Abnorml,656872,110.0,17872.0,6.0,1966,1969.0,194.0,931.0,1286.0,2220,508,2065,1,2,0,8,1968.0,2,542.0
804,15446,4,6,2004,974,3979,5,3,0,3,786,11,2,Sawyer,1Story,Gable,MetalSd,,Ex,N,Partial,905786,77.0,15446.0,4.0,2004,2019.0,421.0,999.0,974.0,1505,560,3979,1,3,0,11,2006.0,3,786.0
805,4611,5,8,1956,576,4139,4,3,2,0,24,9,2,Somerst,1Story,Gable,BrkFace,Gd,TA,Y,Family,793134,56.0,4611.0,5.0,1956,1975.0,117.0,670.0,576.0,814,814,4139,1,3,2,9,1956.0,0,24.0
806,6548,5,10,2013,2102,1297,2,1,0,1,383,4,3,OldTown,1Story,Flat,MetalSd,TA,Fa,Y,Partial,641037,102.0,6548.0,5.0,2013,2030.0,126.0,1191.0,2102.0,611,702,1297,1,1,0,4,2013.0,1,383.0
807,19099,10,6,2004,948,4182,5,2,0,4,925,11,2,Sawyer,1Story,Hip,MetalSd,Fa,Ex,N,Family,1112210,53.0,19099.0,10.0,2004,2004.0,235.0,5.0,948.0,1238,602,4182,0,2,0,11,2005.0,4,925.0
808,6899,10,10,1957,1649,4126,4,2,1,4,917,6,2,NAmes,SLvl,Flat,MetalSd,Ex,Gd,Y,Abnorml,1025062,41.0,6899.0,10.0,1957,1977.0,177.0,1779.0,1649.0,507,927,4126,2,2,1,6,1958.0,4,917.0
809,14445,8,5,1961,1611,3380,6,3,0,2,578,11,0,Somerst,SLvl,Flat,MetalSd,Ex,Gd,Y,Abnorml,858910,113.0,14445.0,8.0,1961,1977.0,79.0,1585.0,1611.0,1375,1648,3380,0,3,0,11,1962.0,2,578.0
810,16039,10,3,2021,2419,2788,6,3,0,3,819,12,2,NAmes,2Story,Gable,VinylSd,TA,Ex,Y,Family,1027391,76.0,16039.0,10.0,2021,2039.0,141.0,1734.0,2419.0,679,273,2788,2,3,0,12,2022.0,3,819.0
811,11217,7,5,1988,2480,1983,6,1,2,0,72,10,3,Mitchel,1Story,Flat,BrkFace,Ex,TA,Y,Abnorml,726111,100.0,11217.0,7.0,1988,1995.0,96.0,1500.0,2480.0,1103,282,1983,2,1,2,10,1989.0,0,72.0
812,16161,10,9,2011,802,2808,6,2,0,4,995,10,3,CollgCr,1Story,Flat,BrkFace,Fa,Fa,N,Abnorml,974666,101.0,16161.0,10.0,2011,2015.0,479.0,,802.0,2187,845,2808,0,2,0,10,2012.0,4,995.0
813,17302,10,5,1966,1311,2714,5,2,1,0,164,11,2,NAmes,SLvl,Flat,MetalSd,Gd,TA,Y,Partial,810136,96.0,17302.0,10.0,1966,1975.0,448.0,1496.0,1311.0,1855,1233,2714,0,2,1,11,1966.0,0,164.0
814,14808,9,9,1992,1870,2931,1,1,2,0,42,5,1,NridgHt,1.5Fin,Hip,Wd Sdng,Gd,Fa,N,Family,863470,83.0,14808.0,9.0,1992,2005.0,371.0,938.0,1870.0,1780,1433,2931,2,1,2,5,1993.0,0,42.0
815,7599,8,7,1973,1010,3196,2,3,1,1,269,8,0,NridgHt,SLvl,Gable,Wd Sdng,Ex,TA,Y,Partial,823208,63.0,7599.0,8.0,1973,1973.0,391.0,1300.0,1010.0,1729,1532,3196,1,3,1,8,1974.0,1,269.0
816,18836,5,8,1999,686,2957,2,4,2,1,397,5,2,NridgHt,1Story,Gable,CemntBd,Ex,Fa,N,Partial,795747,46.0,18836.0,5.0,1999,2018.0,57.0,1360.0,686.0,1483,1049,2957,0,4,2,5,2001.0,1,397.0
817,19044,7,9,2021,1328,664,5,3,1,2,506,8,0,Edwards,1.5Fin,Flat,CemntBd,Ex,Ex,Y,Family,674480,72.0,19044.0,7.0,2021,2032.0,16.0,1428.0,1328.0,908,612,664,2,3,1,8,2021.0,2,506.0
818,18867,5,3,1975,2136,4012,6,3,2,1,288,8,0,NridgHt,2Story,Hip,Wd Sdng,Ex,TA,N,Family,884448,101.0,18867.0,5.0,1975,1982.0,414.0,733.0,2136.0,698,1726,4012,1,3,2,8,1977.0,1,288.0
819,13707,8,6,1963,887,3585,2,3,2,1,327,7,0,Edwards,SLvl,Hip,Wd Sdng,Ex,Ex,N,Abnorml,865573,54.0,13707.0,8.0,1963,1981.0,338.0,1741.0,887.0,552,1436,3585,1,3,2,7,1965.0,1,327.0
820,6575,7,4,1954,1449,1326,4,4,2,4,911,10,3,NAmes,2Story,Hip,VinylSd,TA,TA,,Abnorml,593187,48.0,6575.0,7.0,1954,1967.0,214.0,129.0,1449.0,923,1121,1326,0,4,2,10,1954.0,4,911.0
821,14413,9,5,1967,1355,2883,4,4,0,2,589,10,3,Mitchel,SLvl,Hip,Wd Sdng,Gd,Gd,N,Partial,856900,91.0,14413.0,9.0,1967,1972.0,314.0,1629.0,1355.0,849,1762,2883,0,4,0,10,1968.0,2,589.0
822,14052,7,8,2004,1489,3862,3,3,0,4,912,7,0,CollgCr,SLvl,Hip,VinylSd,Gd,Ex,Y,Normal,990286,102.0,14052.0,7.0,2004,2006.0,392.0,1094.0,1489.0,1807,642,3862,2,3,0,7,2006.0,4,912.0
823,13054,8,6,1979,297,1568,2,1,1,2,457,5,0,NridgHt,1.5Fin,Hip,VinylSd,Gd,Fa,Y,Normal,604685,49.0,13054.0,8.0,1979,1995.0,479.0,814.0,297.0,1097,1457,1568,0,1,1,5,1980.0,2,457.0
824,12937,7,9,1999,2402,3139,6,4,0,3,836,9,3,Mitchel,SLvl,Flat,Wd Sdng,Fa,Gd,Y,Abnorml,960577,113.0,12937.0,7.0,1999,2010.0,452.0,446.0,2402.0,667,1509,3139,1,4,0,9,1999.0,3,836.0
825,19885,5,8,1986,856,4489,1,2,0,4,907,4,1,CollgCr,2Story,Gable,CemntBd,Gd,Ex,N,Normal,972615,120.0,19885.0,5.0,1986,1988.0,,879.0,856.0,1469,1133,4489,0,2,0,4,1988.0,4,907.0
826,15358,3,4,2016,1002,2301,3,4,0,1,361,8,2,NAmes,2Story,Hip,BrkFace,Ex,Fa,Y,Abnorml,698081,46.0,,3.0,2016,2032.0,8.0,1689.0,1002.0,2228,1295,2301,0,4,0,8,2018.0,1,361.0
827,18731,10,8,1983,1487,2902,6,3,1,1,317,9,0,NridgHt,2Story,Flat,VinylSd,Fa,Fa,,Normal,922793,59.0,,10.0,1983,2000.0,123.0,433.0,1487.0,736,445,2902,1,3,1,9,1983.0,1,
828,4739,5,10,1965,1920,1319,1,4,2,1,270,6,1,OldTown,1Story,Hip,MetalSd,Gd,Gd,Y,Family,523133,59.0,4739.0,5.0,1965,1981.0,105.0,1013.0,1920.0,1131,411,1319,1,4,2,6,1965.0,1,270.0
829,6303,9,8,2024,308,3222,3,2,2,4,916,6,1,NridgHt,1.5Fin,Flat,MetalSd,Gd,TA,N,Partial,917823,112.0,,9.0,2024,2040.0,34.0,549.0,308.0,2107,429,3222,0,2,2,6,2026.0,4,916.0
830,7002,10,10,2013,896,1261,4,3,0,0,146,8,2,Somerst,SLvl,Flat,VinylSd,Gd,Fa,N,Normal,671333,78.0,7002.0,10.0,2013,2030.0,51.0,661.0,896.0,1314,1278,1261,2,3,0,8,2015.0,0,146.0
831,8712,10,4,1970,227,1956,2,4,2,3,688,5,3,NridgHt,2Story,Flat,CemntBd,Gd,Gd,Y,Normal,741188,50.0,8712.0,10.0,1970,1970.0,304.0,1696.0,227.0,1464,1463,1956,2,4,2,5,1972.0,3,688.0
832,6229,5,8,2000,222,2844,2,2,0,0,67,8,3,Mitchel,SLvl,Hip,MetalSd,TA,TA,Y,Abnorml,717198,71.0,6229.0,5.0,2000,2012.0,17.0,580.0,222.0,1501,595,2844,2,2,0,8,2000.0,0,67.0
833,15921,3,3,1975,71,1739,3,2,1,0,146,9,2,CollgCr,SLvl,Gable,Wd Sdng,Gd,Gd,Y,Normal,480469,55.0,15921.0,3.0,1975,1990.0,228.0,691.0,71.0,2332,1406,1739,2,2,1,9,1976.0,0,146.0
834,8487,8,3,1961,1240,1414,4,3,2,4,929,6,1,NAmes,SLvl,Hip,VinylSd,Gd,Fa,Y,Normal,590316,111.0,8487.0,8.0,1961,1962.0,306.0,1120.0,1240.0,1853,707,1414,1,3,2,6,1962.0,4,929.0
835,16035,3,5,1969,473,1448,2,1,2,3,764,7,1,NAmes,1Story,Flat,VinylSd,Ex,Ex,N,Family,462573,93.0,16035.0,3.0,1969,1989.0,344.0,1183.0,473.0,1042,1377,1448,1,1,2,7,1970.0,3,764.0
836,7243,5,3,1965,130,2428,2,3,2,4,992,5,1,Edwards,1Story,Hip,CemntBd,Gd,Fa,N,Partial,587025,117.0,7243.0,5.0,1965,1977.0,360.0,267.0,130.0,686,271,2428,1,3,2,5,1966.0,4,
837,3439,5,10,1988,2133,1024,2,3,0,0,23,6,0,Sawyer,2Story,Hip,VinylSd,TA,Gd,Y,Partial,506182,116.0,3439.0,5.0,1988,1999.0,446.0,1159.0,2133.0,1814,1454,1024,1,3,0,6,1988.0,0,23.0
838,7220,3,6,1996,1433,3555,4,1,2,0,54,10,2,OldTown,SLvl,Gable,VinylSd,Gd,Fa,Y,Abnorml,747927,119.0,7220.0,3.0,1996,2004.0,24.0,1745.0,1433.0,1614,1331,3555,2,1,2,10,1996.0,0,54.0
839,9250,9,8,2020,1337,2810,3,4,1,1,274,5,2,CollgCr,2Story,Gable,MetalSd,Fa,Ex,N,Normal,900207,68.0,9250.0,9.0,2020,2020.0,125.0,993.0,1337.0,1293,364,2810,2,4,1,5,2021.0,1,274.0
840,8306,10,6,2021,2026,1738,1,2,2,4,895,6,0,Sawyer,SLvl,Flat,VinylSd,Fa,Gd,Y,Abnorml,819547,106.0,8306.0,10.0,2021,2032.0,379.0,1614.0,2026.0,878,1031,1738,0,2,2,6,2023.0,4,895.0
841,6507,8,8,1983,649,3990,6,1,0,2,448,9,0,CollgCr,1Story,Flat,Wd Sdng,Fa,Fa,N,Partial,876691,88.0,6507.0,8.0,1983,1985.0,22.0,703.0,649.0,1259,1111,3990,1,1,0,9,1985.0,2,448.0
842,13101,4,8,2006,2417,3373,3,3,1,3,704,6,2,Mitchel,1Story,Gable,Wd Sdng,Fa,Fa,Y,Normal,886652,97.0,13101.0,4.0,2006,2017.0,,1397.0,2417.0,2313,1421,3373,0,3,1,6,2006.0,3,704.0
843,4946,4,4,1954,848,709,6,4,2,1,245,11,3,Somerst,1Story,Hip,MetalSd,Fa,Ex,Y,Normal,391265,96.0,4946.0,4.0,1954,1961.0,224.0,1561.0,848.0,1281,1304,709,2,4,2,11,1955.0,1,245.0
844,15001,10,4,1968,2427,724,6,1,1,0,118,8,1,NAmes,SLvl,Hip,VinylSd,Gd,Ex,N,Abnorml,581998,78.0,15001.0,10.0,1968,1988.0,119.0,99.0,2427.0,1256,660,724,0,1,1,8,1968.0,0,118.0
845,5611,3,7,1996,2173,1728,4,3,0,3,704,6,1,NAmes,1Story,Flat,BrkFace,Gd,TA,N,Family,586793,115.0,5611.0,3.0,1996,1999.0,276.0,94.0,2173.0,882,1454,1728,0,3,0,6,1997.0,3,704.0
846,17073,7,10,1953,837,1093,5,1,1,1,391,8,3,OldTown,SLvl,Hip,BrkFace,Fa,Fa,Y,Normal,555442,94.0,17073.0,7.0,1953,1971.0,111.0,203.0,837.0,1412,236,1093,0,1,1,8,1954.0,1,391.0
847,5099,6,5,2010,77,731,1,3,1,3,768,3,2,NridgHt,1Story,Gable,VinylSd,Ex,Fa,N,Family,472156,79.0,5099.0,6.0,2010,2020.0,386.0,1282.0,77.0,591,1558,731,1,3,1,3,2012.0,3,768.0
848,11267,3,3,1983,2398,1566,5,1,2,4,1059,9,0,NridgHt,2Story,Flat,VinylSd,TA,Gd,Y,Partial,582865,112.0,11267.0,3.0,1983,1987.0,442.0,1605.0,2398.0,1039,721,1566,1,1,2,9,1985.0,4,1059.0
849,19444,3,7,2013,1617,3808,5,4,2,1,385,7,1,Mitchel,SLvl,Flat,VinylSd,Fa,Fa,N,Normal,921546,119.0,19444.0,3.0,2013,2014.0,397.0,1713.0,1617.0,1400,1151,3808,2,4,2,7,2015.0,1,385.0
850,15517,4,5,1977,1986,1774,1,4,1,4,948,4,1,OldTown,1.5Fin,Hip,MetalSd,Gd,TA,Y,Family,639052,47.0,15517.0,,1977,1988.0,28.0,941.0,1986.0,1452,983,1774,0,4,1,4,1977.0,4,948.0
851,5195,7,5,2005,571,707,2,4,0,4,997,8,1,CollgCr,1Story,Hip,VinylSd,Gd,Ex,N,Normal,541761,118.0,5195.0,7.0,2005,2022.0,71.0,33.0,571.0,1039,1193,707,1,4,0,8,2007.0,4,997.0
852,5742,6,8,2023,2101,3039,5,4,0,0,21,10,0,Somerst,1Story,Gable,CemntBd,Fa,TA,N,Abnorml,819599,52.0,5742.0,6.0,2023,2033.0,257.0,254.0,2101.0,963,1168,3039,2,4,0,10,2025.0,0,
853,6940,10,8,2016,2101,3620,2,4,2,2,552,4,1,NAmes,1Story,Hip,CemntBd,Ex,Fa,N,Partial,1042391,66.0,6940.0,10.0,2016,2036.0,148.0,1756.0,2101.0,2214,1366,3620,1,4,2,4,2016.0,2,552.0
854,6070,5,6,1998,2307,948,3,4,0,0,40,9,3,Somerst,2Story,Flat,BrkFace,Gd,Fa,N,Family,554879,120.0,6070.0,5.0,1998,2003.0,119.0,323.0,2307.0,1050,1454,948,1,4,0,9,1998.0,0,40.0
855,4639,7,3,1995,939,3522,1,3,0,4,988,3,2,Sawyer,1Story,Hip,CemntBd,Gd,Gd,N,Partial,867522,67.0,4639.0,7.0,1995,,417.0,903.0,939.0,1655,854,3522,1,3,0,3,1995.0,4,988.0
856,10344,8,9,1995,438,3790,4,4,0,2,603,6,3,Somerst,SLvl,Hip,CemntBd,Gd,TA,N,Normal,938603,73.0,10344.0,8.0,1995,2010.0,469.0,934.0,438.0,626,1380,3790,1,4,0,6,1997.0,2,603.0
857,17845,7,5,1958,1818,647,2,3,0,3,696,5,2,Edwards,SLvl,Hip,CemntBd,Gd,Ex,Y,Partial,569776,50.0,17845.0,7.0,1958,1978.0,374.0,1.0,1818.0,809,1531,647,2,3,0,5,1959.0,3,696.0
858,16111,6,3,2005,563,1658,4,4,0,4,993,10,0,Sawyer,1Story,Flat,VinylSd,Ex,TA,Y,Abnorml,664733,60.0,16111.0,6.0,2005,2010.0,294.0,876.0,563.0,2040,1723,1658,2,4,0,10,2007.0,4,993.0
859,11135,8,5,1976,1668,1042,2,2,1,3,660,6,1,Edwards,1Story,Hip,Wd Sdng,Ex,Fa,N,Normal,574881,70.0,11135.0,8.0,1976,1980.0,163.0,414.0,1668.0,1926,1093,1042,1,2,1,6,1977.0,3,660.0
860,14806,7,7,2013,592,1673,1,1,1,2,606,3,1,Somerst,1.5Fin,Gable,CemntBd,Fa,Fa,Y,Family,718235,62.0,14806.0,7.0,2013,2015.0,295.0,1410.0,592.0,1866,585,1673,1,1,1,3,2013.0,2,606.0
861,18867,4,5,1983,2435,2804,5,1,2,4,880,10,3,OldTown,1Story,Hip,VinylSd,Fa,TA,N,Normal,797149,110.0,18867.0,4.0,1983,1997.0,306.0,270.0,2435.0,698,1797,2804,0,1,2,10,1985.0,4,880.0
862,13697,5,9,1998,1085,2836,4,2,2,4,981,10,3,Somerst,SLvl,Flat,Wd Sdng,Ex,TA,N,Partial,810426,49.0,13697.0,5.0,1998,1999.0,395.0,1331.0,1085.0,675,1735,2836,1,2,2,10,,4,981.0
863,4615,4,4,1967,2453,3383,2,1,2,3,752,5,3,NAmes,1.5Fin,Gable,VinylSd,Fa,Ex,N,Normal,735986,60.0,4615.0,4.0,1967,1976.0,344.0,618.0,2453.0,1868,865,3383,0,1,2,5,1968.0,3,752.0
864,15939,6,9,1990,1018,2282,6,2,0,4,1028,10,2,NridgHt,1Story,Hip,BrkFace,Ex,Ex,Y,Partial,755009,40.0,15939.0,6.0,1990,1996.0,,325.0,1018.0,1204,1655,2282,1,2,0,10,1992.0,4,1028.0
865,12788,7,5,1956,1201,4370,4,4,2,2,582,10,3,Sawyer,SLvl,Hip,VinylSd,TA,Fa,N,Abnorml,923903,92.0,12788.0,7.0,1956,1957.0,164.0,1790.0,1201.0,2155,26,4370,2,4,2,10,1958.0,2,582.0
866,13182,8,9,1996,2007,3697,4,3,2,0,146,9,2,NridgHt,2Story,Gable,CemntBd,Ex,Fa,Y,Abnorml,986994,97.0,13182.0,8.0,1996,2002.0,121.0,1795.0,2007.0,1608,1070,3697,2,3,2,9,1998.0,0,146.0
867,11457,9,9,1966,754,3755,4,3,2,2,453,6,3,NridgHt,1.5Fin,Gable,VinylSd,Ex,Fa,Y,Abnorml,926292,116.0,11457.0,9.0,1966,1967.0,154.0,561.0,754.0,1347,218,3755,0,3,2,6,1966.0,2,453.0
868,8731,5,7,1973,1851,2353,4,4,1,3,694,8,0,Sawyer,1Story,Gable,VinylSd,Gd,TA,Y,Normal,694343,100.0,,5.0,1973,1983.0,448.0,191.0,1851.0,2488,51,2353,2,4,1,8,1974.0,3,694.0
869,19494,7,9,1957,25,3714,5,1,0,3,810,11,3,Mitchel,SLvl,Flat,MetalSd,Gd,Ex,Y,Partial,885222,77.0,19494.0,7.0,1957,1966.0,73.0,1340.0,25.0,2049,780,3714,2,1,0,11,1959.0,3,810.0
870,3446,7,10,1967,1673,3846,3,2,2,3,679,6,0,OldTown,1Story,Gable,CemntBd,TA,Gd,N,Partial,848291,44.0,3446.0,7.0,1967,1983.0,338.0,738.0,1673.0,1707,297,3846,2,2,2,6,1968.0,3,679.0
871,17092,8,9,2018,196,2489,5,3,2,1,314,9,1,Somerst,2Story,Gable,CemntBd,Gd,TA,N,Partial,855802,69.0,17092.0,8.0,2018,2030.0,266.0,512.0,196.0,965,108,2489,2,3,2,9,2018.0,1,314.0
872,11793,3,3,2004,1042,1851,6,3,1,3,746,9,1,CollgCr,1Story,Gable,MetalSd,Gd,Fa,N,Family,613254,76.0,11793.0,3.0,2004,2021.0,113.0,168.0,1042.0,1633,1372,1851,2,3,1,9,2004.0,3,746.0
873,5780,10,10,2000,844,1594,6,3,2,1,345,9,0,Edwards,SLvl,Flat,MetalSd,Ex,Fa,N,Normal,711429,76.0,5780.0,10.0,2000,2015.0,211.0,761.0,844.0,624,115,1594,0,3,2,9,2001.0,1,345.0
874,4991,4,9,1981,170,1644,3,2,0,3,815,6,2,OldTown,1.5Fin,Flat,MetalSd,TA,Gd,N,Normal,483319,98.0,4991.0,4.0,1981,1989.0,153.0,1360.0,170.0,2221,409,1644,1,2,0,6,1983.0,3,815.0
875,6402,4,9,2006,1942,2669,3,1,1,2,484,7,2,Somerst,1.5Fin,Hip,Wd Sdng,Fa,Ex,Y,Partial,760579,49.0,6402.0,4.0,2006,2007.0,140.0,1328.0,1942.0,1292,546,2669,1,1,1,7,2008.0,2,484.0
876,5161,10,6,2007,2262,1038,1,3,0,4,911,4,3,Somerst,SLvl,Flat,CemntBd,Fa,Gd,Y,Partial,729907,69.0,5161.0,,2007,2027.0,31.0,338.0,2262.0,2176,1536,1038,1,3,0,4,2007.0,4,911.0
877,18769,5,10,1963,1123,4039,4,2,1,3,719,6,0,Sawyer,1.5Fin,Gable,Wd Sdng,Gd,Gd,Y,Family,894663,73.0,18769.0,5.0,1963,1969.0,285.0,106.0,1123.0,1570,1608,4039,2,2,1,6,1963.0,3,719.0
878,10715,6,4,1969,461,3246,6,4,0,3,700,12,1,OldTown,1Story,Flat,CemntBd,Gd,Gd,Y,Normal,751079,120.0,10715.0,6.0,1969,1978.0,485.0,811.0,461.0,1357,329,3246,2,4,0,12,1969.0,3,700.0
879,6832,3,5,1979,719,4241,1,1,0,4,978,6,3,Sawyer,1Story,Gable,VinylSd,Fa,Fa,Y,Normal,835173,115.0,6832.0,3.0,1979,1990.0,302.0,1281.0,719.0,2477,586,4241,1,1,0,6,1979.0,4,978.0
880,5739,7,6,1997,1571,3863,1,3,0,1,361,5,2,Edwards,1Story,Flat,CemntBd,Ex,Fa,N,Family,924801,65.0,5739.0,7.0,1997,1998.0,450.0,625.0,1571.0,1596,1399,3863,2,3,0,5,1999.0,1,361.0
881,7530,6,8,1989,1673,4148,5,3,2,0,8,7,1,NAmes,SLvl,Hip,MetalSd,,TA,N,Partial,929335,94.0,7530.0,6.0,1989,2009.0,376.0,1486.0,1673.0,1907,513,4148,1,3,2,7,1989.0,0,8.0
882,15425,10,4,1992,80,4298,6,1,1,3,831,11,3,Somerst,1Story,Gable,VinylSd,Fa,TA,N,Normal,1051172,54.0,15425.0,10.0,1992,2002.0,466.0,,,2275,299,4298,0,1,1,11,1993.0,3,831.0
883,5958,6,7,1950,1830,2818,3,1,1,4,1031,7,3,NAmes,1Story,Hip,CemntBd,Gd,Fa,,Abnorml,702238,109.0,5958.0,,1950,1958.0,89.0,1546.0,1830.0,2417,1719,2818,1,1,1,7,1951.0,4,1031.0
884,7614,9,9,1970,1590,3085,4,1,2,1,358,9,0,Mitchel,SLvl,Flat,VinylSd,TA,Ex,N,Family,792370,68.0,7614.0,9.0,1970,1973.0,320.0,479.0,1590.0,1472,127,3085,2,1,2,9,1971.0,1,358.0
885,14895,10,4,2022,1861,4273,4,1,2,4,940,7,0,CollgCr,2Story,Hip,Wd Sdng,Fa,Gd,,Normal,1125704,59.0,14895.0,10.0,2022,2033.0,347.0,879.0,1861.0,1672,1414,4273,1,1,2,7,2024.0,4,940.0
886,5577,3,8,1967,298,3811,4,3,1,4,960,6,3,Mitchel,SLvl,Hip,VinylSd,Gd,Fa,N,Family,766272,74.0,5577.0,3.0,1967,1980.0,218.0,1342.0,298.0,2305,1606,3811,1,3,1,6,1968.0,4,960.0
887,9058,4,4,2019,2258,1192,3,1,2,4,983,6,3,Somerst,2Story,Gable,MetalSd,Fa,TA,Y,Family,602117,58.0,9058.0,4.0,2019,2031.0,284.0,186.0,2258.0,982,604,1192,2,1,2,6,2020.0,4,983.0
888,11661,8,7,1966,431,3972,5,3,2,2,535,10,0,NridgHt,SLvl,Flat,MetalSd,Ex,Gd,Y,Partial,908058,49.0,11661.0,,1966,1980.0,253.0,1441.0,431.0,1475,417,3972,0,3,2,10,1968.0,2,535.0
889,3001,3,3,1958,1635,1499,6,3,1,2,453,11,1,Edwards,2Story,Hip,BrkFace,Gd,Gd,N,Partial,399842,47.0,3001.0,3.0,1958,1970.0,24.0,194.0,1635.0,1112,1543,1499,0,3,1,11,1958.0,2,453.0
890,4914,4,10,2016,2116,1348,2,3,2,3,721,4,1,Sawyer,1Story,Hip,CemntBd,TA,Ex,N,Normal,592965,61.0,4914.0,4.0,2016,2026.0,497.0,2.0,2116.0,661,1108,1348,2,3,2,4,2016.0,3,721.0
891,14515,3,4,1964,2352,2122,1,2,1,0,168,3,2,OldTown,SLvl,Gable,VinylSd,TA,Gd,N,Normal,595573,79.0,,3.0,1964,1969.0,176.0,437.0,2352.0,1308,66,2122,1,2,1,3,1964.0,0,168.0
892,7461,6,3,1954,1893,890,4,3,2,0,1,9,2,CollgCr,1.5Fin,Flat,Wd Sdng,TA,Gd,Y,Family,459100,116.0,7461.0,6.0,1954,1969.0,482.0,976.0,1893.0,2348,734,890,1,3,2,9,,0,1.0
893,9990,9,8,1966,2437,1653,3,4,0,3,682,9,1,Mitchel,2Story,Hip,CemntBd,Ex,Gd,Y,Normal,728291,112.0,9990.0,9.0,1966,1981.0,329.0,159.0,2437.0,2248,1667,1653,2,4,0,9,1966.0,3,682.0
894,13888,3,5,1995,2299,3319,5,4,0,1,237,10,2,,1.5Fin,Hip,Wd Sdng,Gd,TA,Y,Family,835803,76.0,13888.0,3.0,1995,2006.0,343.0,271.0,2299.0,1962,926,3319,2,4,0,10,1997.0,1,237.0
895,4981,9,7,2019,1783,759,6,4,1,1,370,12,1,Somerst,1.5Fin,Flat,CemntBd,Gd,TA,Y,Partial,635503,96.0,4981.0,9.0,2019,2035.0,195.0,1215.0,1783.0,571,209,759,2,4,1,12,2020.0,1,370.0
896,15537,7,9,1967,2212,794,3,3,0,3,773,7,0,Sawyer,1.5Fin,Hip,CemntBd,TA,TA,Y,Partial,598544,55.0,15537.0,7.0,1967,1975.0,402.0,463.0,2212.0,1528,1261,794,1,3,0,7,1967.0,3,773.0
897,8225,6,5,1951,2433,739,5,3,1,0,10,10,2,NAmes,1Story,Gable,VinylSd,Ex,Ex,N,Family,430194,99.0,8225.0,6.0,1951,1953.0,268.0,1063.0,2433.0,1669,1777,739,0,3,1,10,,0,10.0
898,3625,5,8,1987,1823,3393,4,1,2,1,263,6,3,NridgHt,2Story,Hip,Wd Sdng,Ex,Gd,Y,Normal,810018,78.0,3625.0,5.0,1987,2000.0,,1392.0,1823.0,2344,1383,3393,0,1,2,6,1988.0,1,263.0
899,7431,5,10,1990,2317,2063,1,1,0,3,839,3,0,NridgHt,1Story,Hip,MetalSd,Gd,TA,N,Family,682772,91.0,7431.0,5.0,1990,1992.0,356.0,911.0,2317.0,1558,1514,2063,0,1,0,3,1991.0,3,839.0
900,14134,3,10,1986,179,4019,4,1,1,1,253,9,0,NridgHt,1.5Fin,Flat,VinylSd,Gd,Ex,Y,Normal,803883,74.0,14134.0,3.0,1986,1999.0,213.0,19.0,179.0,2139,1150,4019,1,1,1,9,1988.0,1,
901,12432,6,7,1951,832,3426,5,1,0,2,529,8,0,Edwards,SLvl,Gable,CemntBd,TA,Ex,Y,Partial,766713,104.0,12432.0,6.0,1951,1970.0,209.0,16.0,832.0,1670,1771,3426,0,1,0,8,1951.0,2,529.0
902,6073,6,8,1972,2234,2071,3,2,1,4,967,6,0,NridgHt,SLvl,Gable,VinylSd,Ex,Fa,N,Normal,680961,109.0,6073.0,6.0,1972,1977.0,76.0,1424.0,2234.0,1887,459,2071,1,2,1,6,1974.0,4,967.0
903,3629,9,9,2020,240,901,5,4,2,3,782,9,0,Edwards,SLvl,Flat,Wd Sdng,Gd,Gd,Y,Partial,626397,103.0,3629.0,9.0,2020,2037.0,153.0,703.0,240.0,1770,1520,901,1,4,2,9,2021.0,3,782.0
904,15286,6,3,1950,1608,2610,4,4,0,2,523,6,1,OldTown,1.5Fin,Gable,VinylSd,,Gd,N,Partial,689914,96.0,15286.0,6.0,1950,1959.0,192.0,1673.0,1608.0,801,1325,2610,2,4,0,6,1950.0,2,523.0
905,7260,9,5,1986,433,2481,5,3,0,4,895,8,1,Edwards,2Story,Hip,Wd Sdng,Ex,Ex,Y,Normal,784676,50.0,7260.0,9.0,1986,1996.0,94.0,246.0,433.0,746,1149,2481,1,3,0,8,1986.0,4,895.0
906,4305,9,3,1995,1000,623,6,4,2,2,502,8,1,CollgCr,1Story,Hip,BrkFace,Fa,Gd,Y,Normal,543044,116.0,4305.0,9.0,1995,1998.0,,1761.0,1000.0,2444,796,623,2,4,2,8,1997.0,2,502.0
907,13961,10,8,2022,2279,3835,5,4,1,4,927,7,1,Sawyer,1.5Fin,Gable,BrkFace,Ex,Gd,Y,Family,1176308,45.0,13961.0,,2022,2024.0,275.0,864.0,,2050,486,3835,1,4,1,7,2024.0,4,927.0
908,8871,3,5,2008,1515,2048,5,2,0,2,558,10,0,OldTown,1Story,Hip,VinylSd,Ex,TA,Y,Abnorml,637183,95.0,8871.0,3.0,2008,2018.0,242.0,1421.0,1515.0,1419,1046,2048,2,2,0,10,2009.0,2,558.0
909,3200,5,6,2005,689,1005,6,2,0,2,574,8,3,NAmes,1.5Fin,Flat,VinylSd,Fa,Ex,Y,Family,489771,81.0,3200.0,5.0,2005,2014.0,123.0,270.0,689.0,854,1606,1005,2,2,0,8,2006.0,2,574.0
910,15170,8,4,1990,2330,3670,4,4,0,0,97,10,0,NAmes,1.5Fin,Gable,BrkFace,Gd,Ex,N,Abnorml,953296,117.0,15170.0,8.0,1990,1999.0,434.0,978.0,2330.0,2443,1631,3670,1,4,0,10,1991.0,0,97.0
911,18715,5,7,1992,1273,4148,1,1,2,1,263,6,1,NAmes,1Story,Gable,CemntBd,Gd,TA,Y,Abnorml,925070,72.0,18715.0,5.0,1992,2006.0,115.0,145.0,1273.0,842,1635,4148,1,1,2,6,1993.0,1,263.0
912,8095,3,7,1961,1136,1741,4,3,2,1,253,10,0,CollgCr,SLvl,Hip,CemntBd,Gd,Ex,Y,Normal,473411,43.0,8095.0,3.0,1961,1980.0,153.0,468.0,1136.0,2490,1425,1741,1,3,2,10,1961.0,1,253.0
913,4183,6,3,1985,611,1497,2,2,2,3,787,6,1,CollgCr,2Story,Hip,MetalSd,Ex,Gd,Y,Family,536108,51.0,4183.0,6.0,1985,1998.0,439.0,784.0,611.0,933,589,1497,1,2,2,6,1987.0,3,787.0
914,4541,9,7,2000,807,611,6,1,1,4,939,11,3,Mitchel,1.5Fin,Hip,CemntBd,Ex,Gd,Y,Normal,598623,,4541.0,9.0,2000,2005.0,362.0,182.0,807.0,2155,1419,611,2,1,1,11,2002.0,4,939.0
915,3750,5,4,2003,303,2523,3,4,2,0,40,9,1,CollgCr,1Story,Hip,MetalSd,TA,Ex,N,Family,615895,113.0,3750.0,5.0,2003,2017.0,73.0,1496.0,303.0,894,1360,2523,2,4,2,9,2003.0,0,40.0
916,7942,4,6,1965,1719,2594,1,1,1,3,802,5,3,Sawyer,SLvl,Gable,BrkFace,Gd,Fa,Y,Normal,676474,115.0,7942.0,4.0,1965,1976.0,412.0,1650.0,1719.0,758,96,2594,2,1,1,5,1965.0,3,802.0
917,19781,9,8,1996,247,1841,5,3,1,2,607,7,3,Sawyer,SLvl,Gable,Wd Sdng,Gd,Gd,N,Partial,752610,42.0,19781.0,9.0,1996,2010.0,237.0,209.0,247.0,587,781,1841,1,3,1,7,1998.0,2,607.0
918,12905,9,5,2008,777,1130,2,4,0,3,690,4,2,OldTown,1.5Fin,Gable,BrkFace,Gd,TA,N,Partial,705763,74.0,12905.0,9.0,2008,2009.0,468.0,211.0,777.0,1367,793,1130,1,4,0,4,2009.0,3,690.0
919,7957,4,3,2018,2019,4487,5,1,2,4,984,8,1,Somerst,1Story,Flat,CemntBd,Fa,TA,Y,Abnorml,992927,113.0,7957.0,4.0,2018,2029.0,29.0,641.0,2019.0,660,853,4487,0,1,2,8,2020.0,4,984.0
920,14102,6,5,1986,1887,1364,3,1,1,4,940,6,1,Somerst,2Story,Gable,MetalSd,Ex,Ex,N,Family,624722,45.0,14102.0,6.0,1986,2005.0,287.0,,1887.0,1899,1614,1364,0,1,1,6,1988.0,4,940.0
921,3917,8,7,1997,1912,3788,6,4,2,4,1052,10,3,NridgHt,SLvl,Hip,CemntBd,TA,TA,Y,Partial,988305,62.0,3917.0,8.0,1997,2010.0,211.0,612.0,1912.0,1391,1403,3788,0,4,2,10,1999.0,4,1052.0
922,17306,8,10,1984,1609,2183,6,4,0,3,713,10,1,,2Story,Hip,Wd Sdng,TA,Ex,Y,Partial,847833,100.0,17306.0,8.0,1984,1992.0,495.0,280.0,1609.0,913,640,2183,0,4,0,10,1984.0,3,713.0
923,13038,4,8,1973,1634,3040,2,3,1,4,977,7,2,Mitchel,2Story,Gable,MetalSd,Ex,Fa,N,Abnorml,769320,106.0,13038.0,4.0,1973,1993.0,213.0,783.0,1634.0,2184,1130,3040,2,3,1,7,1973.0,4,977.0
924,15056,4,7,1973,1576,1101,3,1,2,2,606,9,1,Edwards,2Story,Hip,VinylSd,TA,TA,N,Abnorml,524096,96.0,15056.0,4.0,1973,1974.0,285.0,1584.0,1576.0,1784,110,1101,0,1,2,9,1973.0,2,606.0
925,4829,10,9,1978,1875,1525,1,1,0,4,1045,3,3,NridgHt,2Story,Gable,VinylSd,Ex,TA,N,Normal,716501,75.0,4829.0,10.0,1978,1980.0,271.0,1665.0,1875.0,802,26,1525,2,1,0,3,1978.0,4,1045.0
926,12202,8,5,1976,1485,3940,6,3,2,1,330,12,3,Somerst,1.5Fin,Flat,BrkFace,Ex,Ex,N,Abnorml,958914,63.0,12202.0,8.0,1976,1996.0,68.0,1542.0,1485.0,2208,1523,3940,1,3,2,12,1976.0,1,330.0
927,8360,3,9,1993,604,1511,4,4,1,1,367,9,3,NridgHt,SLvl,Gable,MetalSd,Fa,Ex,Y,Partial,523079,114.0,8360.0,3.0,1993,2005.0,198.0,1790.0,604.0,1718,514,1511,2,4,1,9,1995.0,1,367.0
928,4528,8,5,2006,2199,857,1,3,1,4,1048,3,0,NAmes,2Story,Hip,MetalSd,,Ex,N,Abnorml,609730,95.0,4528.0,8.0,2006,2017.0,124.0,272.0,2199.0,1028,415,857,2,3,1,3,2007.0,4,1048.0
929,18175,6,4,2004,108,3074,3,2,2,0,55,8,0,Mitchel,2Story,Gable,MetalSd,Ex,Gd,N,Partial,772917,102.0,18175.0,6.0,2004,2020.0,130.0,1313.0,108.0,1154,1270,3074,2,2,2,8,2004.0,0,55.0
930,8051,9,5,1953,2461,3241,2,4,0,2,472,6,2,Edwards,2Story,Gable,MetalSd,Gd,Fa,Y,Abnorml,882984,51.0,8051.0,9.0,1953,1958.0,104.0,1386.0,2461.0,2365,1779,3241,0,4,0,6,1953.0,2,472.0
931,8711,3,7,1996,1940,3431,6,2,1,1,253,9,3,Sawyer,1Story,Flat,Wd Sdng,Ex,Fa,N,Normal,761894,100.0,8711.0,3.0,1996,1996.0,169.0,292.0,1940.0,1989,1599,3431,0,2,1,9,1996.0,1,253.0
932,18044,3,5,1999,2486,2639,1,2,0,3,669,3,0,Mitchel,1Story,Gable,BrkFace,Ex,TA,Y,Abnorml,792428,84.0,18044.0,3.0,1999,2003.0,331.0,140.0,2486.0,2372,1762,2639,0,2,0,3,2001.0,3,669.0
933,5937,10,9,1983,2187,4120,3,4,1,1,303,8,2,OldTown,2Story,Gable,MetalSd,Gd,Gd,Y,Normal,1063565,92.0,5937.0,10.0,1983,2002.0,40.0,1086.0,2187.0,2153,1782,4120,1,4,1,8,1985.0,1,303.0
934,6477,7,7,1969,1417,2894,6,2,2,1,265,10,3,NAmes,SLvl,Gable,CemntBd,TA,Gd,N,Normal,742470,82.0,6477.0,7.0,1969,1983.0,472.0,1153.0,1417.0,637,907,2894,0,2,2,10,1971.0,1,265.0
935,10937,10,6,1958,469,2777,1,3,1,3,730,3,1,NAmes,SLvl,Flat,Wd Sdng,Gd,TA,Y,Partial,786408,81.0,10937.0,10.0,1958,1959.0,230.0,17.0,469.0,678,1699,2777,0,3,1,3,,3,730.0
936,3444,4,6,1999,714,2243,6,1,2,2,609,11,1,Mitchel,1.5Fin,Hip,VinylSd,TA,TA,N,Normal,579707,53.0,3444.0,4.0,1999,2003.0,,1249.0,714.0,1294,461,2243,0,1,2,11,2000.0,2,609.0
937,13434,7,4,1972,275,2108,1,4,2,2,458,3,2,NridgHt,SLvl,Hip,VinylSd,Ex,Fa,Y,Partial,683336,60.0,13434.0,7.0,1972,1974.0,,1331.0,275.0,1639,1297,2108,1,4,2,3,1972.0,2,458.0
938,19274,8,5,1957,1954,3890,1,2,0,2,483,6,1,NAmes,1Story,Flat,BrkFace,Ex,Gd,Y,Abnorml,950585,82.0,19274.0,8.0,1957,1964.0,47.0,336.0,1954.0,1313,1443,3890,2,2,0,6,1957.0,2,483.0
939,5401,6,6,2005,1652,2495,5,4,1,0,144,11,3,Edwards,1Story,Gable,BrkFace,Fa,Fa,Y,Normal,765074,92.0,5401.0,6.0,2005,2025.0,274.0,901.0,1652.0,1630,1453,2495,0,4,1,11,2005.0,0,144.0
940,9074,5,10,1999,115,2485,3,4,2,4,987,7,1,Edwards,1.5Fin,Gable,VinylSd,Ex,Fa,N,Partial,709214,103.0,9074.0,5.0,1999,2010.0,370.0,719.0,115.0,1167,1326,2485,0,4,2,7,2000.0,4,987.0
941,4011,8,5,1979,510,1192,1,2,0,4,897,5,0,NridgHt,SLvl,Hip,Wd Sdng,TA,Fa,N,Family,505607,76.0,4011.0,8.0,1979,1990.0,424.0,1479.0,510.0,2254,753,1192,1,2,0,5,,4,897.0
942,4636,3,5,2003,2298,2501,4,3,1,4,1050,9,3,Sawyer,1.5Fin,Flat,BrkFace,Fa,TA,Y,Family,711958,91.0,4636.0,3.0,2003,2015.0,97.0,436.0,2298.0,1065,1546,2501,2,3,1,9,2003.0,4,1050.0
943,15637,8,9,1954,1052,4113,3,1,0,3,722,7,2,Edwards,SLvl,Gable,VinylSd,Fa,TA,N,Abnorml,943837,110.0,15637.0,8.0,1954,1972.0,26.0,1286.0,1052.0,1564,1205,4113,0,1,0,7,1956.0,3,722.0
944,17463,4,4,2022,1466,1162,5,4,0,2,492,7,2,Mitchel,1Story,Gable,Wd Sdng,TA,Ex,Y,Abnorml,645449,44.0,17463.0,4.0,2022,2023.0,137.0,1532.0,1466.0,1438,1119,1162,0,4,0,7,2023.0,2,492.0
945,16550,6,9,1988,961,920,3,3,2,4,1023,9,2,Sawyer,1.5Fin,Hip,BrkFace,Fa,Gd,N,Partial,631130,98.0,16550.0,,1988,2007.0,193.0,310.0,961.0,2378,1512,920,1,3,2,9,,4,1023.0
946,11576,7,6,1989,1054,3817,1,3,2,0,101,7,1,Edwards,1.5Fin,Hip,CemntBd,Fa,TA,Y,Partial,900450,51.0,11576.0,7.0,1989,1993.0,344.0,843.0,1054.0,2288,1235,3817,2,3,2,7,1991.0,0,101.0
947,11644,3,5,1968,919,795,5,3,2,3,692,11,3,Edwards,1.5Fin,Gable,MetalSd,Gd,Ex,Y,Family,424288,80.0,11644.0,3.0,1968,1982.0,309.0,1261.0,919.0,525,402,795,0,3,2,11,1970.0,3,692.0
948,5005,5,4,2011,177,2561,3,3,2,2,489,7,3,NridgHt,1.5Fin,Hip,CemntBd,Gd,Gd,Y,Abnorml,673010,72.0,5005.0,5.0,2011,,308.0,1406.0,177.0,2110,1589,2561,0,3,2,7,2013.0,2,489.0
949,4406,7,7,2022,1772,4074,3,4,0,1,376,6,0,NAmes,2Story,Flat,Wd Sdng,Ex,Gd,Y,Abnorml,1007028,81.0,4406.0,7.0,2022,2033.0,20.0,906.0,1772.0,1934,1484,4074,2,4,0,6,2024.0,1,376.0
950,18121,8,9,1995,2165,3495,5,4,0,2,589,9,3,NAmes,SLvl,Gable,CemntBd,Gd,Ex,N,Partial,1029112,54.0,18121.0,8.0,1995,2009.0,447.0,1761.0,2165.0,1776,396,3495,1,4,0,9,1997.0,2,589.0
951,12776,6,7,1991,1624,2188,2,1,0,1,358,8,2,NAmes,2Story,Hip,MetalSd,Gd,Fa,Y,Abnorml,685050,91.0,12776.0,6.0,1991,1993.0,37.0,444.0,1624.0,1703,602,2188,1,1,0,8,1993.0,1,358.0
952,11148,6,7,2008,1199,1350,3,4,0,0,4,7,1,,SLvl,Flat,BrkFace,Ex,Ex,N,Abnorml,620548,105.0,11148.0,6.0,2008,2026.0,96.0,177.0,1199.0,1570,919,1350,0,4,0,7,2008.0,0,
953,12194,9,3,1969,367,3248,6,4,1,2,456,11,2,Edwards,1Story,Hip,MetalSd,TA,Ex,Y,Abnorml,858133,40.0,12194.0,9.0,1969,1973.0,411.0,205.0,367.0,2100,363,3248,0,4,1,11,1970.0,2,456.0
954,15013,3,5,1970,2290,3096,3,4,1,2,486,8,2,OldTown,2Story,Gable,MetalSd,Gd,Gd,Y,Abnorml,751812,109.0,15013.0,3.0,1970,1986.0,389.0,286.0,2290.0,1359,1398,3096,2,4,1,8,1972.0,2,486.0
955,7405,8,9,2023,441,1482,2,1,0,0,56,5,2,Sawyer,SLvl,Hip,VinylSd,Ex,Fa,N,Partial,615806,99.0,7405.0,8.0,2023,2034.0,300.0,1541.0,441.0,730,152,1482,1,1,0,5,2025.0,0,56.0
956,17337,9,5,2011,2497,3098,3,3,0,0,44,7,2,Edwards,1Story,Gable,MetalSd,Gd,TA,N,Abnorml,959377,92.0,17337.0,9.0,2011,2023.0,370.0,252.0,2497.0,1348,382,3098,1,3,0,7,2012.0,0,44.0
957,3951,6,7,1966,191,1120,5,3,1,0,148,7,0,Mitchel,2Story,Gable,MetalSd,TA,Ex,N,Normal,415384,46.0,3951.0,6.0,1966,1976.0,343.0,1207.0,191.0,806,355,1120,2,3,1,7,1966.0,0,148.0
958,16552,7,10,1963,1950,3230,6,4,1,2,545,8,1,Somerst,1Story,Hip,Wd Sdng,,Fa,Y,Family,909779,64.0,16552.0,7.0,1963,1983.0,286.0,1495.0,1950.0,803,1505,3230,0,4,1,8,1963.0,2,545.0
959,7860,8,4,1973,637,1897,5,1,2,2,538,10,2,Somerst,2Story,Gable,BrkFace,Gd,Gd,N,Normal,601704,106.0,7860.0,8.0,1973,1981.0,111.0,786.0,637.0,1660,1052,1897,0,1,2,10,1974.0,2,538.0
960,6267,5,4,1961,193,1088,5,4,2,0,60,9,3,NAmes,1Story,Hip,VinylSd,Fa,TA,Y,Abnorml,438924,86.0,6267.0,5.0,1961,,245.0,719.0,193.0,1704,244,1088,2,4,2,9,1962.0,0,60.0
961,7949,8,4,1982,1453,1329,5,3,2,0,126,7,1,OldTown,2Story,Hip,BrkFace,TA,Gd,Y,Family,581542,119.0,7949.0,8.0,1982,1985.0,106.0,879.0,1453.0,1693,772,1329,0,3,2,7,1983.0,0,126.0
962,8359,3,8,1987,612,1191,1,4,0,3,833,5,2,Sawyer,2Story,Gable,VinylSd,Gd,Gd,N,Partial,482888,103.0,8359.0,3.0,1987,1987.0,445.0,644.0,612.0,2053,83,1191,0,4,0,5,1988.0,3,833.0
963,17510,3,7,2014,2124,2644,5,3,0,2,558,7,1,NAmes,1.5Fin,Flat,BrkFace,TA,Ex,N,Abnorml,803567,120.0,17510.0,3.0,2014,2019.0,464.0,1620.0,2124.0,2475,877,2644,0,3,0,7,2014.0,2,558.0
964,17686,10,7,1973,1627,2349,6,2,0,4,961,11,1,Somerst,2Story,Hip,BrkFace,Fa,TA,Y,Abnorml,860848,96.0,17686.0,10.0,1973,1988.0,170.0,286.0,1627.0,2424,571,2349,2,2,0,11,1974.0,4,961.0
965,8033,3,9,1960,1635,2030,5,1,0,4,914,7,2,OldTown,2Story,Flat,Wd Sdng,Ex,Ex,N,Family,550333,46.0,8033.0,3.0,1960,1976.0,155.0,507.0,1635.0,705,1139,2030,1,1,0,7,1962.0,4,914.0
966,4377,5,8,1990,2382,2247,2,4,0,3,831,5,3,OldTown,1.5Fin,Flat,MetalSd,Ex,Fa,N,Normal,713241,66.0,4377.0,5.0,1990,2002.0,,567.0,,2394,541,2247,1,4,0,5,1990.0,3,831.0
967,11493,3,8,1962,796,1438,6,1,0,4,890,8,2,Edwards,2Story,Gable,VinylSd,Gd,Gd,Y,Abnorml,474976,74.0,11493.0,3.0,1962,1979.0,465.0,1320.0,796.0,716,266,1438,1,1,0,8,1963.0,4,890.0
968,15193,7,4,1997,2204,1229,4,4,2,3,762,8,0,CollgCr,1Story,Flat,Wd Sdng,TA,Ex,N,Partial,672405,110.0,15193.0,7.0,1997,2000.0,7.0,172.0,2204.0,1652,329,1229,1,4,2,8,1998.0,3,762.0
969,7376,3,3,1999,727,2934,5,4,1,4,1002,8,2,NridgHt,SLvl,Flat,BrkFace,TA,Fa,N,Normal,721026,56.0,7376.0,3.0,1999,2007.0,108.0,508.0,727.0,2096,1196,2934,2,4,1,8,1999.0,4,1002.0
970,17265,5,6,1987,738,1057,5,2,2,3,697,8,0,Edwards,2Story,Gable,Wd Sdng,Ex,Ex,N,Abnorml,554950,76.0,17265.0,5.0,1987,1995.0,479.0,1133.0,738.0,706,1732,1057,1,2,2,8,1987.0,3,
971,11288,6,4,1986,1989,4440,5,1,0,3,817,10,1,Sawyer,1.5Fin,Flat,CemntBd,Ex,Gd,Y,Normal,997135,96.0,11288.0,6.0,1986,2000.0,97.0,1230.0,1989.0,2109,522,4440,2,1,0,10,1988.0,3,817.0
972,3652,3,6,2005,1729,2278,1,2,2,0,15,3,2,Edwards,2Story,Flat,Wd Sdng,Gd,Fa,Y,Normal,592039,102.0,3652.0,3.0,2005,2011.0,492.0,1228.0,1729.0,1085,11,2278,1,2,2,3,2006.0,0,15.0
973,13543,3,8,1972,1106,1600,5,2,2,0,90,11,1,Sawyer,2Story,Flat,CemntBd,Ex,Ex,N,Family,510563,55.0,13543.0,3.0,1972,1991.0,379.0,1476.0,1106.0,2276,676,1600,0,2,2,11,1973.0,0,90.0
974,17162,5,10,2005,999,4113,2,2,2,1,348,8,3,Edwards,2Story,Hip,BrkFace,Ex,TA,Y,Family,969099,43.0,17162.0,5.0,2005,2014.0,60.0,1244.0,999.0,1596,955,4113,2,2,2,8,2007.0,1,348.0
975,16030,10,4,1981,1777,2861,3,1,0,0,48,6,1,Edwards,2Story,Flat,CemntBd,Gd,Ex,Y,Partial,847739,120.0,16030.0,10.0,1981,1996.0,382.0,583.0,1777.0,2302,1453,2861,2,1,0,6,1982.0,0,48.0
976,18108,4,10,1991,81,2263,4,4,1,0,166,6,3,NridgHt,2Story,Gable,CemntBd,Ex,TA,Y,Normal,704551,117.0,18108.0,4.0,1991,1997.0,386.0,1595.0,81.0,1204,317,2263,0,4,1,6,1993.0,0,166.0
977,7175,10,10,2002,478,2486,5,1,1,4,987,11,1,Somerst,1.5Fin,Flat,BrkFace,Gd,Ex,Y,Family,835398,70.0,7175.0,10.0,2002,2005.0,245.0,1414.0,478.0,2297,81,2486,2,1,1,11,,4,987.0
978,15079,9,9,1971,1449,2954,1,2,1,3,712,5,1,NridgHt,1.5Fin,Gable,CemntBd,TA,Fa,Y,Family,908845,60.0,15079.0,9.0,1971,1975.0,468.0,54.0,1449.0,1341,314,2954,2,2,1,5,1973.0,3,712.0
979,12760,5,3,2006,1098,3169,4,2,2,3,768,10,2,CollgCr,SLvl,Flat,CemntBd,Fa,Fa,Y,Normal,840327,79.0,12760.0,5.0,2006,2008.0,124.0,1736.0,1098.0,1040,660,3169,1,2,2,10,2006.0,3,768.0
980,17984,7,10,1982,2290,2041,6,3,1,2,459,12,1,Somerst,1Story,Hip,BrkFace,Gd,TA,N,Partial,769091,110.0,17984.0,7.0,1982,1996.0,356.0,1734.0,2290.0,1284,1222,2041,2,3,1,12,1984.0,2,459.0
981,16063,4,9,1987,2393,2786,1,3,1,2,442,7,1,Sawyer,1Story,Hip,MetalSd,Ex,Ex,Y,Family,790197,41.0,,4.0,1987,1992.0,309.0,1348.0,2393.0,1841,104,2786,2,3,1,7,1987.0,2,442.0
982,18030,3,9,2001,1187,2864,5,1,0,4,925,9,2,NridgHt,1Story,Gable,VinylSd,Gd,Ex,N,Family,774201,110.0,18030.0,3.0,2001,2015.0,360.0,1793.0,1187.0,1494,1584,2864,2,1,0,9,2001.0,4,925.0
983,10764,10,7,1963,2266,2023,4,2,0,1,334,8,0,NAmes,1Story,Gable,VinylSd,TA,Fa,N,Normal,740862,92.0,10764.0,10.0,1963,1965.0,104.0,617.0,2266.0,1671,1280,2023,2,2,0,8,1965.0,1,334.0
984,14661,6,3,1995,1586,1799,1,3,2,1,332,7,2,Sawyer,SLvl,Flat,VinylSd,Fa,Ex,Y,Family,669972,51.0,14661.0,6.0,1995,2005.0,203.0,420.0,1586.0,1747,1260,1799,1,3,2,7,1997.0,1,332.0
985,16580,3,3,1964,835,2351,3,1,0,1,289,7,2,Somerst,2Story,Flat,CemntBd,Ex,Fa,N,Partial,582623,68.0,16580.0,3.0,1964,1975.0,468.0,1060.0,835.0,1468,1726,2351,2,1,0,7,1966.0,1,289.0
986,14237,9,9,1997,675,1832,1,4,0,1,249,5,2,Sawyer,SLvl,Gable,Wd Sdng,Fa,Gd,Y,Abnorml,749671,54.0,14237.0,9.0,1997,1999.0,122.0,1242.0,675.0,576,1355,1832,2,4,0,5,1999.0,1,249.0
987,3259,8,6,1977,1207,2400,1,3,1,2,562,6,2,Somerst,1.5Fin,Hip,CemntBd,Gd,Fa,N,Abnorml,682715,99.0,3259.0,8.0,1977,1994.0,282.0,1043.0,1207.0,852,616,2400,2,3,1,6,1977.0,2,562.0
988,10594,6,8,1950,2003,4001,1,2,1,2,529,4,0,,1Story,Gable,MetalSd,Fa,Gd,Y,Normal,845244,55.0,10594.0,6.0,1950,1967.0,164.0,386.0,2003.0,1064,1004,4001,2,2,1,4,1951.0,2,529.0
989,18476,6,5,2009,2026,1243,4,3,2,4,943,10,2,NridgHt,1.5Fin,Flat,Wd Sdng,Gd,Gd,N,Abnorml,731773,59.0,18476.0,6.0,2009,2018.0,397.0,1531.0,2026.0,1325,1617,1243,1,3,2,10,2011.0,4,943.0
990,14346,5,8,1962,1663,1073,5,3,1,2,597,7,3,CollgCr,1Story,Hip,VinylSd,Ex,TA,N,Normal,532570,103.0,14346.0,5.0,1962,1971.0,144.0,802.0,1663.0,794,1172,1073,1,3,1,7,1964.0,2,597.0
991,17687,10,7,1984,1931,1543,3,2,1,1,296,8,2,CollgCr,SLvl,Gable,Wd Sdng,TA,Fa,Y,Partial,765032,77.0,17687.0,10.0,1984,1989.0,194.0,605.0,1931.0,1766,1126,1543,1,2,1,8,1986.0,1,296.0
992,9657,3,8,1979,2000,2691,5,1,0,1,251,11,1,Sawyer,1Story,Gable,MetalSd,Gd,Gd,N,Normal,656680,105.0,9657.0,3.0,1979,1999.0,238.0,1323.0,2000.0,1746,733,2691,2,1,0,11,1981.0,1,251.0
993,18546,5,4,1995,713,2565,5,4,0,0,73,11,3,OldTown,1.5Fin,Flat,VinylSd,TA,Gd,Y,Family,769349,74.0,18546.0,5.0,1995,2000.0,273.0,111.0,713.0,1894,149,2565,0,4,0,11,1996.0,0,73.0
994,13018,9,8,1977,1341,3585,2,4,2,0,25,8,0,NridgHt,SLvl,Flat,BrkFace,Gd,TA,N,Family,922385,93.0,13018.0,9.0,1977,1988.0,332.0,1605.0,1341.0,1920,1605,3585,0,4,2,8,1978.0,0,25.0
995,5871,10,10,1998,665,3026,4,1,1,1,273,9,1,Somerst,SLvl,Flat,BrkFace,TA,TA,Y,Normal,876207,101.0,5871.0,10.0,1998,2014.0,183.0,1625.0,,1322,1449,3026,1,1,1,9,2000.0,1,273.0
996,4210,4,3,2018,2439,2869,3,4,0,4,884,9,1,NridgHt,2Story,Gable,VinylSd,Fa,TA,N,Abnorml,805939,100.0,4210.0,4.0,2018,2025.0,157.0,490.0,2439.0,579,650,2869,1,4,0,9,,4,884.0
997,12660,9,7,2015,2116,1818,5,4,2,2,552,8,2,Mitchel,1.5Fin,Flat,CemntBd,TA,Gd,Y,Normal,832920,71.0,12660.0,,2015,2018.0,133.0,1013.0,2116.0,1310,1076,1818,1,4,2,8,2016.0,2,552.0
998,7700,4,10,2024,1895,3594,5,1,0,2,575,11,1,Mitchel,1Story,Hip,VinylSd,TA,TA,N,Partial,850485,98.0,7700.0,4.0,2024,2030.0,184.0,790.0,1895.0,2321,450,3594,1,1,0,11,2026.0,2,575.0
999,11712,6,9,2013,654,2742,4,1,0,1,275,6,1,NridgHt,SLvl,Flat,VinylSd,Ex,Gd,N,Normal,753631,110.0,11712.0,6.0,2013,2017.0,262.0,230.0,654.0,2300,376,2742,1,1,0,6,2015.0,1,275.0
1000,14028,3,3,2023,683,4013,1,4,1,4,892,5,2,OldTown,SLvl,Hip,CemntBd,Gd,Gd,N,Normal,934189,58.0,14028.0,3.0,2023,2030.0,451.0,493.0,683.0,1178,1066,4013,0,4,1,5,2025.0,4,892.0
